chrom	start	end	weight	E1
chrX	0	100000		
chrX	100000	200000		
chrX	200000	300000		
chrX	300000	400000		
chrX	400000	500000		
chrX	500000	600000		
chrX	600000	700000		
chrX	700000	800000		
chrX	800000	900000		
chrX	900000	1000000		
chrX	1000000	1100000		
chrX	1100000	1200000		
chrX	1200000	1300000		
chrX	1300000	1400000		
chrX	1400000	1500000		
chrX	1500000	1600000		
chrX	1600000	1700000		
chrX	1700000	1800000		
chrX	1800000	1900000		
chrX	1900000	2000000		
chrX	2000000	2100000		
chrX	2100000	2200000		
chrX	2200000	2300000		
chrX	2300000	2400000		
chrX	2400000	2500000	0.010493642673713574	0.8911464747262323
chrX	2500000	2600000	0.00971847421596412	0.6611406980750617
chrX	2600000	2700000	0.008733431624839697	0.5256743034005308
chrX	2700000	2800000	0.010637033827972276	0.18268587113182913
chrX	2800000	2900000	0.010456955371186478	0.36700608362554427
chrX	2900000	3000000	0.011563674924403739	0.34219788831665965
chrX	3000000	3100000	0.010189534322026036	0.33418990142104404
chrX	3100000	3200000	0.010529651667685196	0.5262869829389187
chrX	3200000	3300000	0.012045728954885943	0.41487326345351183
chrX	3300000	3400000	0.009575283306019377	0.43062163265913095
chrX	3400000	3500000	0.00956009399037166	0.2653604207039884
chrX	3500000	3600000	0.008463519204558166	-0.08932213151188431
chrX	3600000	3700000	0.008363268336497693	-0.23776298460120435
chrX	3700000	3800000	0.0080104023930377	-0.24086878904946876
chrX	3800000	3900000	0.00806301523110771	-0.16607254466774662
chrX	3900000	4000000	0.008171590821863518	-0.2377286623959001
chrX	4000000	4100000	0.0072681603807326816	-0.23972120179690085
chrX	4100000	4200000	0.008290375622970015	-0.2614522224743401
chrX	4200000	4300000	0.008096608160575792	-0.1822699858277126
chrX	4300000	4400000	0.008581817923816902	-0.19700926627666895
chrX	4400000	4500000	0.007827404108706247	-0.24020905625588404
chrX	4500000	4600000	0.00759168506640633	-0.39756017349856
chrX	4600000	4700000	0.007605336378774088	-0.285164326508591
chrX	4700000	4800000	0.007599612522647901	-0.40260705936263114
chrX	4800000	4900000	0.008256884782710928	-0.3874380029606199
chrX	4900000	5000000	0.008144325852291006	-0.3666404312571429
chrX	5000000	5100000	0.007816554505043618	-0.1862342048334507
chrX	5100000	5200000	0.007713894851816903	-0.37088861283322655
chrX	5200000	5300000	0.007838282234340625	-0.2573076428880599
chrX	5300000	5400000	0.008338608312837217	-0.24685666824461114
chrX	5400000	5500000	0.008375306679151914	-0.31945664550890074
chrX	5500000	5600000	0.007613185278110792	-0.2386167367109248
chrX	5600000	5700000	0.007423666231051282	-0.14999691064158116
chrX	5700000	5800000	0.008049934353828059	-0.12286936103150059
chrX	5800000	5900000	0.008265511858087474	-0.2853171969793224
chrX	5900000	6000000	0.007287590399611807	-0.21214673924377353
chrX	6000000	6100000	0.008058176855076697	-0.21540751439500408
chrX	6100000	6200000	0.007753990891662054	-0.23082305108348447
chrX	6200000	6300000	0.007627365702684318	-0.3094007778674387
chrX	6300000	6400000	0.007855434743083728	-0.30448694287871264
chrX	6400000	6500000	0.007669753509736642	-0.1587522037919625
chrX	6500000	6600000	0.00794869451951336	-0.06835337519418618
chrX	6600000	6700000	0.008167034206444296	-0.07986645361038001
chrX	6700000	6800000	0.008163715822435486	-0.12490641561229887
chrX	6800000	6900000	0.007635050530072419	-0.26411624726239197
chrX	6900000	7000000	0.008229298144716436	-0.3463974170880967
chrX	7000000	7100000	0.007805748787273735	-0.3486667254296717
chrX	7100000	7200000	0.007859256516856233	-0.42648130008631996
chrX	7200000	7300000	0.007805037573428713	-0.3402293040043009
chrX	7300000	7400000	0.010346692282343846	-0.2441707932724341
chrX	7400000	7500000	0.007343552395138005	-0.2286810620669821
chrX	7500000	7600000	0.00887441667769518	-0.22844502388164592
chrX	7600000	7700000	0.008950688416942222	-0.2768071398481979
chrX	7700000	7800000	0.008692188899104688	-0.3249205374207288
chrX	7800000	7900000	0.007620424949381399	-0.3018647561742483
chrX	7900000	8000000	0.008845797373543605	-0.3717380736836626
chrX	8000000	8100000	0.008419476829764641	-0.08605616615794959
chrX	8100000	8200000	0.007881273675901223	-0.11276638857026644
chrX	8200000	8300000	0.008612396110705791	-0.16840098488292765
chrX	8300000	8400000	0.007778891087171835	-0.07518894132350862
chrX	8400000	8500000	0.00761583001552611	-0.11560771417889622
chrX	8500000	8600000	0.008152118807765894	0.06764910552060562
chrX	8600000	8700000	0.007822540137845894	-0.0488591013520881
chrX	8700000	8800000	0.007929886617539551	0.14152547810540764
chrX	8800000	8900000	0.007920552098318752	0.01731238832754044
chrX	8900000	9000000	0.00979007922671571	0.1861013954118696
chrX	9000000	9100000	0.008737777882205497	0.102101312994616
chrX	9100000	9200000	0.009257061280949237	0.028038098258145013
chrX	9200000	9300000	0.0080571937078178	0.10874470051094717
chrX	9300000	9400000	0.008447636715097006	0.1247768500157351
chrX	9400000	9500000	0.008881475072229453	0.007677704808545967
chrX	9500000	9600000	0.00833540409696482	0.1029596284505282
chrX	9600000	9700000	0.008470169697234915	0.01478518263543792
chrX	9700000	9800000	0.007959853143022454	-0.18766766999557447
chrX	9800000	9900000	0.0076663565749454056	-0.18876552905217028
chrX	9900000	10000000	0.008807485251197896	-0.24569600223810717
chrX	10000000	10100000	0.008111000119587703	-0.20617755224162015
chrX	10100000	10200000	0.007928525702474029	-0.18504801482446748
chrX	10200000	10300000	0.00830259209548511	-0.2649797937789916
chrX	10300000	10400000	0.007948312834185702	-0.24304224081651357
chrX	10400000	10500000	0.008834562309488255	-0.30836541824395663
chrX	10500000	10600000	0.008098305413170463	-0.3645199836240055
chrX	10600000	10700000	0.008745636869311724	-0.26975290755133113
chrX	10700000	10800000	0.00792519018695204	-0.2935297349488494
chrX	10800000	10900000	0.009222756702914467	-0.41880640471876135
chrX	10900000	11000000	0.007652884652813235	-0.34769817351405813
chrX	11000000	11100000	0.010326896972005211	-0.35199592454156375
chrX	11100000	11200000	0.007967750375033942	-0.25338794457253944
chrX	11200000	11300000	0.008014152651083512	-0.240135771274914
chrX	11300000	11400000	0.008441278612001956	-0.15014044641801477
chrX	11400000	11500000	0.0078368545468984	-0.38925590010211497
chrX	11500000	11600000	0.00823505107054013	-0.4539945999071814
chrX	11600000	11700000	0.008797939868826576	-0.2964848512622702
chrX	11700000	11800000	0.008180914898448136	-0.32810215043077745
chrX	11800000	11900000	0.008396952227474861	-0.3189032942062852
chrX	11900000	12000000	0.008842604731801115	-0.4073038324840729
chrX	12000000	12100000	0.008859816797057411	-0.3824445650609984
chrX	12100000	12200000	0.008339521416486103	-0.3590466166050889
chrX	12200000	12300000	0.007481221187715474	-0.23665250898354614
chrX	12300000	12400000	0.007796794854749022	-0.2887573475429709
chrX	12400000	12500000	0.007465969416985511	-0.3514493403877291
chrX	12500000	12600000	0.007363614945786196	-0.11591134105094016
chrX	12600000	12700000	0.008166023865667412	-0.08892902526292125
chrX	12700000	12800000	0.007661502619623847	-0.11716677231504154
chrX	12800000	12900000	0.007655177821474153	0.019826340529965826
chrX	12900000	13000000	0.009266608425765377	0.28068066297278893
chrX	13000000	13100000	0.008718049376106839	0.08418823455987547
chrX	13100000	13200000	0.007557417831385054	-0.06444222627162212
chrX	13200000	13300000	0.007444413818530482	0.07363566974542628
chrX	13300000	13400000	0.008041954298846209	0.17873957922703987
chrX	13400000	13500000	0.008348221636677802	0.0072839731581185
chrX	13500000	13600000	0.007825267553380361	0.007689257168532464
chrX	13600000	13700000	0.008316808600498622	-0.02304945066059585
chrX	13700000	13800000	0.008087469964966378	-0.20182769797537964
chrX	13800000	13900000	0.008452023101757834	-0.26634004808221867
chrX	13900000	14000000	0.007809036319406081	-0.31256203119647613
chrX	14000000	14100000	0.007654163709269748	-0.4010484097427902
chrX	14100000	14200000	0.00792485727952941	-0.3129488094506901
chrX	14200000	14300000	0.0092219896983898	-0.2936887574701145
chrX	14300000	14400000	0.008442618146461564	-0.2244490821697247
chrX	14400000	14500000	0.007018639919784368	-0.17790110857355437
chrX	14500000	14600000	0.008031751513016763	-0.1607295174650488
chrX	14600000	14700000	0.0076871021958238184	-0.26573363325684063
chrX	14700000	14800000	0.008274266210523584	-0.24981178887818833
chrX	14800000	14900000	0.007572529745179415	-0.24119063691524492
chrX	14900000	15000000	0.008560436390330588	0.05712475988047918
chrX	15000000	15100000	0.00847374865528464	-0.09139292356799357
chrX	15100000	15200000	0.007707248965408844	-0.1496862761658347
chrX	15200000	15300000	0.007927482129876422	-0.06298938016166046
chrX	15300000	15400000	0.008223215172558175	0.016204478385992
chrX	15400000	15500000	0.007643396907446324	0.0064219587561168395
chrX	15500000	15600000	0.007801560681476462	-0.025566268394535265
chrX	15600000	15700000	0.00749465350979683	-0.18906274899538952
chrX	15700000	15800000	0.00832719844963154	-0.23839459952365744
chrX	15800000	15900000	0.008115670168621032	-0.1704603849182387
chrX	15900000	16000000	0.00778709077991416	-0.24585331115227443
chrX	16000000	16100000	0.008049142761460121	-0.18451676627653704
chrX	16100000	16200000	0.007763552813096256	-0.12187339525622459
chrX	16200000	16300000	0.008324346354746832	0.009404527915492468
chrX	16300000	16400000	0.008035821154481143	-0.011834926015351794
chrX	16400000	16500000	0.008889617786681207	0.27265097495820495
chrX	16500000	16600000	0.00811239023338836	0.26936403933322467
chrX	16600000	16700000	0.008316568754927365	0.18025840176429694
chrX	16700000	16800000	0.00764451877448674	0.03242916347324548
chrX	16800000	16900000	0.008830242682050765	-0.05431990101329642
chrX	16900000	17000000	0.009426714906522016	-0.171213990278863
chrX	17000000	17100000	0.008872849580436272	-0.018458454826018496
chrX	17100000	17200000	0.0076985020416411665	-0.04391212569653636
chrX	17200000	17300000	0.008976408824465104	-0.07514975278541523
chrX	17300000	17400000	0.007786043388940335	0.012820974943189027
chrX	17400000	17500000	0.008019033346757949	-0.11172362275374995
chrX	17500000	17600000	0.008100941541755207	0.11032389395673178
chrX	17600000	17700000	0.007464424771810748	0.02229197400190875
chrX	17700000	17800000	0.010527846734083825	-0.023024857546204973
chrX	17800000	17900000	0.009168964442944096	-0.027341630996714387
chrX	17900000	18000000	0.008441587002389367	0.15963022676667113
chrX	18000000	18100000	0.008741089938963241	0.24215949454043476
chrX	18100000	18200000	0.008104036715993882	0.3358729151189268
chrX	18200000	18300000	0.008075967188961175	0.19142819684307574
chrX	18300000	18400000	0.008752167178135808	0.1368623102733481
chrX	18400000	18500000	0.008232930266754016	0.3498062923747504
chrX	18500000	18600000	0.008405805275543054	0.19870453991497392
chrX	18600000	18700000	0.008804056357108694	0.3571715200223702
chrX	18700000	18800000	0.0074037494139125425	0.1470792266134173
chrX	18800000	18900000	0.00799920675333722	0.2270126599649103
chrX	18900000	19000000	0.009248354406610248	-0.08566084885982354
chrX	19000000	19100000	0.00744184316679034	0.20320593773866472
chrX	19100000	19200000	0.008010363531883504	0.23588743920284558
chrX	19200000	19300000	0.008402188546644773	0.05688363856007289
chrX	19300000	19400000	0.008342476228081708	0.00037740197769109104
chrX	19400000	19500000	0.00783781855355252	-0.07882512166429405
chrX	19500000	19600000	0.007850538533159068	0.030885666789709342
chrX	19600000	19700000	0.008708735980474643	0.1385937146813467
chrX	19700000	19800000	0.008283683159731648	0.0876349229065151
chrX	19800000	19900000	0.00814015920519162	0.037606525222159515
chrX	19900000	20000000	0.007427026920061386	-0.09531944075398081
chrX	20000000	20100000	0.00823073511863473	-0.17492320208454826
chrX	20100000	20200000	0.008243757942946456	-0.15585743843813607
chrX	20200000	20300000	0.007699505634198966	-0.35243107897410353
chrX	20300000	20400000	0.007306484596196604	-0.4229960254619996
chrX	20400000	20500000	0.009258839730199944	-0.2960392928699478
chrX	20500000	20600000	0.008342725810909724	-0.4111306516313666
chrX	20600000	20700000	0.007882359199891557	-0.5342159445356301
chrX	20700000	20800000	0.0073596787031100334	-0.3700552463370733
chrX	20800000	20900000	0.008100703907123913	-0.3903253335424693
chrX	20900000	21000000	0.009660850705423562	-0.45380915958602314
chrX	21000000	21100000	0.00901584752960312	-0.22042386595602728
chrX	21100000	21200000	0.007964161308679475	-0.2974364431307443
chrX	21200000	21300000	0.007599758059482458	-0.350550758559248
chrX	21300000	21400000	0.007897588437307774	-0.2916371091945495
chrX	21400000	21500000	0.007225320456483693	-0.280409995713733
chrX	21500000	21600000	0.008400348447441494	-0.15659508337633998
chrX	21600000	21700000	0.0073308601734817765	-0.039917064843076625
chrX	21700000	21800000	0.008459597828431337	-0.10732337111815764
chrX	21800000	21900000	0.007832285663703736	-0.16064067873504395
chrX	21900000	22000000	0.007872070134007349	-0.25977059467885494
chrX	22000000	22100000	0.008171340684213161	-0.2626581075467815
chrX	22100000	22200000	0.008584661825597835	-0.3354723959291636
chrX	22200000	22300000	0.007894720149392282	-0.29628046275133796
chrX	22300000	22400000	0.007530708632484524	-0.29134895188057214
chrX	22400000	22500000	0.008182740707359838	-0.2955852534200991
chrX	22500000	22600000	0.008014263155348762	-0.25305199442560133
chrX	22600000	22700000	0.007758441624779527	-0.2461805843393161
chrX	22700000	22800000	0.008216736771126281	-0.13628208789487817
chrX	22800000	22900000	0.007482133760870611	-0.1903024004693683
chrX	22900000	23000000	0.00822941590342366	-0.21819356880507043
chrX	23000000	23100000	0.008304993457950384	-0.19017361227346877
chrX	23100000	23200000	0.007985410631594173	-0.09237111053089331
chrX	23200000	23300000	0.008751790642404689	-0.14153962530669348
chrX	23300000	23400000	0.007936454478035725	-0.10145153722669942
chrX	23400000	23500000	0.007811747229953008	-0.025703487028529124
chrX	23500000	23600000	0.00807340324012256	0.11043032703235277
chrX	23600000	23700000	0.009168423409188216	0.08216025764681371
chrX	23700000	23800000	0.008132381009147314	0.20632143206815515
chrX	23800000	23900000	0.008402027290664209	0.288161746098446
chrX	23900000	24000000	0.008493288207234705	0.24467769465164554
chrX	24000000	24100000	0.008015331276885057	0.06621259552191724
chrX	24100000	24200000	0.008629250588602068	0.0548886908202132
chrX	24200000	24300000	0.007747233361978446	0.10077495084039508
chrX	24300000	24400000	0.007934413651768737	0.06301210878238402
chrX	24400000	24500000	0.007640538339097333	0.03183254393504378
chrX	24500000	24600000	0.00721691253686381	-0.060699155449316713
chrX	24600000	24700000	0.008133929979973208	-0.1965707931973989
chrX	24700000	24800000	0.008995457766947589	-0.08465852504701349
chrX	24800000	24900000	0.008421435123920193	-0.13995112022734893
chrX	24900000	25000000	0.007863137368708688	-0.2855034243329262
chrX	25000000	25100000	0.007925572226081617	-0.2999591021459059
chrX	25100000	25200000	0.00812512941075762	-0.49107237424485733
chrX	25200000	25300000	0.00873030079725482	-0.45316155855381557
chrX	25300000	25400000	0.007819980181244695	-0.43477449015719916
chrX	25400000	25500000	0.007002410022825759	-0.42010847667742074
chrX	25500000	25600000	0.00797148535183667	-0.5093307954735417
chrX	25600000	25700000	0.007869134330841677	-0.4807296253149903
chrX	25700000	25800000	0.007665348515166293	-0.48051406795191187
chrX	25800000	25900000	0.007715442391009894	-0.4091063120407042
chrX	25900000	26000000	0.007790977703944901	-0.4414224343931198
chrX	26000000	26100000	0.007793903529252383	-0.4545633020987219
chrX	26100000	26200000	0.008171557255220492	-0.3900576968960143
chrX	26200000	26300000	0.007693041689366372	-0.4599894681178682
chrX	26300000	26400000	0.007507708472984222	-0.5294623642657664
chrX	26400000	26500000	0.007419387203006918	-0.6005958667522256
chrX	26500000	26600000	0.00710257801188247	-0.5899896408731585
chrX	26600000	26700000	0.007561424846570189	-0.4162514364964077
chrX	26700000	26800000	0.00832917458664853	-0.32593609210967855
chrX	26800000	26900000	0.007444869004195195	-0.3950922155312696
chrX	26900000	27000000	0.00787205042162408	-0.5492729099667626
chrX	27000000	27100000	0.008138117936459204	-0.41746695622466173
chrX	27100000	27200000	0.008042986670744379	-0.3449366027654354
chrX	27200000	27300000	0.007606674091147575	-0.3264658899077789
chrX	27300000	27400000	0.008095700679718515	-0.36306216233288346
chrX	27400000	27500000	0.008360151323092264	-0.41063260338482654
chrX	27500000	27600000	0.007979220204298377	-0.37052873288214117
chrX	27600000	27700000	0.007487593391968424	-0.35910077542394836
chrX	27700000	27800000	0.0077275416931482255	-0.2965281787762643
chrX	27800000	27900000	0.007653370335095964	-0.38752957124994036
chrX	27900000	28000000	0.008301419539421366	-0.40089248299379504
chrX	28000000	28100000	0.010179615626615766	-0.3646085768443971
chrX	28100000	28200000	0.008032106090380683	-0.29670517942032343
chrX	28200000	28300000	0.00780744241091511	-0.29589757066977407
chrX	28300000	28400000	0.007837269106442541	-0.3928960573837789
chrX	28400000	28500000	0.007114796166220255	-0.3781180537757801
chrX	28500000	28600000	0.007913653586203748	-0.3687651705683907
chrX	28600000	28700000	0.0077672314174593	-0.3080195755643268
chrX	28700000	28800000	0.008633394398763634	-0.36314207017784433
chrX	28800000	28900000	0.007265258907944527	-0.3869388257164498
chrX	28900000	29000000	0.00796996990879551	-0.3863863309315808
chrX	29000000	29100000	0.009293840112505836	-0.4084412282170753
chrX	29100000	29200000	0.007656880464694644	-0.338936132111263
chrX	29200000	29300000	0.007983773891137257	-0.5047170364766802
chrX	29300000	29400000	0.00809404297973041	-0.333962960101194
chrX	29400000	29500000	0.0071852204073941	-0.3719745552582249
chrX	29500000	29600000	0.008734379466378306	-0.4500066304350787
chrX	29600000	29700000	0.007575828052399977	-0.3833688419662734
chrX	29700000	29800000	0.007748113272916207	-0.44259516744101923
chrX	29800000	29900000	0.007656475588371348	-0.3516429315439259
chrX	29900000	30000000	0.00821871486078144	-0.3845791184291835
chrX	30000000	30100000	0.007867075086024876	-0.3537628825172116
chrX	30100000	30200000	0.007558939475613052	-0.33832629886656795
chrX	30200000	30300000	0.007729143872907935	-0.3388844515577291
chrX	30300000	30400000	0.0073997818718102935	-0.4188747225109639
chrX	30400000	30500000	0.008071451569717395	-0.29422093049997816
chrX	30500000	30600000	0.007581103299606337	-0.21589849572233868
chrX	30600000	30700000		
chrX	30700000	30800000	0.007555536662735818	-0.13380556311983344
chrX	30800000	30900000	0.0076954161206280475	-0.1266927452502736
chrX	30900000	31000000	0.007889752318816876	-0.034965942034843024
chrX	31000000	31100000	0.008490584680141248	-0.16830901194160552
chrX	31100000	31200000	0.007824766827204557	-0.1068260958056137
chrX	31200000	31300000	0.007329049451872807	-0.2746000320840749
chrX	31300000	31400000	0.008563313952538124	-0.2776823414956237
chrX	31400000	31500000	0.007564124484438337	-0.3299767854607555
chrX	31500000	31600000	0.007312810334810325	-0.23813166783885312
chrX	31600000	31700000	0.007496700017803757	-0.3481042017204635
chrX	31700000	31800000	0.008085251546877732	-0.21642105544547846
chrX	31800000	31900000	0.008794154904410656	-0.3631780486579268
chrX	31900000	32000000	0.00747790263087661	-0.3509288140824242
chrX	32000000	32100000	0.00784219856229802	-0.35056158498362616
chrX	32100000	32200000	0.008137146701032084	-0.3488931338022659
chrX	32200000	32300000	0.007167393024202461	-0.4160191331830708
chrX	32300000	32400000	0.008013493786021992	-0.40373222041906326
chrX	32400000	32500000	0.007863122621249843	-0.462692059731548
chrX	32500000	32600000	0.007567282809998346	-0.40161488236168924
chrX	32600000	32700000	0.007468313110228348	-0.27902544069469615
chrX	32700000	32800000	0.00886082167866464	-0.30584702765608723
chrX	32800000	32900000	0.008223954958691911	-0.35355822631006656
chrX	32900000	33000000	0.008062983860454632	-0.45265323117543005
chrX	33000000	33100000	0.007695312018344225	-0.4600005531080226
chrX	33100000	33200000	0.0071334540824025	-0.38786991554841405
chrX	33200000	33300000	0.00765342242993979	-0.4918267880719456
chrX	33300000	33400000	0.007762650278230711	-0.4670446056268473
chrX	33400000	33500000	0.007797200865664674	-0.4177829729648508
chrX	33500000	33600000	0.00884667715390113	-0.437747192345586
chrX	33600000	33700000	0.008440928303070368	-0.4429268538555071
chrX	33700000	33800000	0.007506299406461087	-0.3779291016604808
chrX	33800000	33900000	0.007177766795136084	-0.4887306609631105
chrX	33900000	34000000	0.007685990733438205	-0.35912052014161144
chrX	34000000	34100000	0.008367844381454496	-0.3712331149554662
chrX	34100000	34200000	0.007611496883960419	-0.3372440038704971
chrX	34200000	34300000	0.008569023761564801	-0.3442794584182953
chrX	34300000	34400000	0.007855296203611766	-0.35478274187982434
chrX	34400000	34500000	0.008168196845663894	-0.35756345495006947
chrX	34500000	34600000	0.007926182627325348	-0.39815297756480705
chrX	34600000	34700000	0.007954878329001942	-0.38922831003096703
chrX	34700000	34800000	0.008497654452993353	-0.2854572206230837
chrX	34800000	34900000	0.009350135117154696	-0.26440123157264067
chrX	34900000	35000000	0.007551996121654027	-0.28465093155729
chrX	35000000	35100000	0.007753683092553603	-0.29546854148640533
chrX	35100000	35200000	0.008047729621956327	-0.2432724006724044
chrX	35200000	35300000	0.009153703387735024	-0.35735404268035426
chrX	35300000	35400000	0.007594193161013787	-0.29300124168640646
chrX	35400000	35500000	0.007968034184842876	-0.3252846256601946
chrX	35500000	35600000	0.0072004263534914195	-0.27420785304649503
chrX	35600000	35700000	0.007453517324511269	-0.3745291423366394
chrX	35700000	35800000	0.007831251861478735	-0.3629591380301373
chrX	35800000	35900000	0.0071167202182227576	-0.41237902728684667
chrX	35900000	36000000	0.007725893995512778	-0.37094238819573616
chrX	36000000	36100000	0.007597757119035331	-0.3477071630708328
chrX	36100000	36200000	0.007700308493851019	-0.3617493553102324
chrX	36200000	36300000	0.007324573563997958	-0.38914562399618824
chrX	36300000	36400000	0.008133188554868453	-0.4491686202804212
chrX	36400000	36500000	0.00847922128758704	-0.4547223245564783
chrX	36500000	36600000	0.008823070845920319	-0.4486571566621748
chrX	36600000	36700000	0.007939463351122835	-0.4728448238812114
chrX	36700000	36800000	0.009520735182493115	-0.38144051099844345
chrX	36800000	36900000	0.008027435786254292	-0.5118626354438827
chrX	36900000	37000000	0.008600223660762315	-0.4608558417790462
chrX	37000000	37100000	0.012259140286840222	-0.424491685268812
chrX	37100000	37200000	0.009116426831876566	-0.32442007605250195
chrX	37200000	37300000	0.00787828852675044	-0.25094973647528707
chrX	37300000	37400000		
chrX	37400000	37500000	0.008509650035421569	-0.19708672021514356
chrX	37500000	37600000	0.007564289033124086	-0.199425454645314
chrX	37600000	37700000	0.008027322426092548	-0.3441357262730003
chrX	37700000	37800000	0.008454916708265339	-0.1610335407729227
chrX	37800000	37900000	0.009129456601564088	-0.21912038101026046
chrX	37900000	38000000	0.008444078979293954	-0.2651745477404993
chrX	38000000	38100000	0.009383331832725838	-0.13488270191444196
chrX	38100000	38200000		
chrX	38200000	38300000	0.010372861083549054	0.0039076494654673045
chrX	38300000	38400000	0.008289595230102266	0.04577078558622418
chrX	38400000	38500000	0.008241856146838335	0.03439913566695482
chrX	38500000	38600000	0.008474054866651327	0.05048832548578199
chrX	38600000	38700000	0.00811936878725072	0.1635447519486885
chrX	38700000	38800000	0.008319220106241141	0.017568880115093652
chrX	38800000	38900000	0.008430128063007867	-0.025512817550453017
chrX	38900000	39000000	0.007589919653736088	-0.050991991244205455
chrX	39000000	39100000	0.008088395122489697	0.04006871982454453
chrX	39100000	39200000	0.00814075189316762	0.012020786909862616
chrX	39200000	39300000	0.007927514941073696	0.08964961541441603
chrX	39300000	39400000	0.008597345493514538	0.13582635003617288
chrX	39400000	39500000	0.009625138592354067	0.26864050840569526
chrX	39500000	39600000	0.00820889463647036	0.16692734900958872
chrX	39600000	39700000	0.008758772975036667	0.20935503236638145
chrX	39700000	39800000	0.008935033972365404	0.29792345622517635
chrX	39800000	39900000	0.008934317243141173	0.218253950769586
chrX	39900000	40000000	0.008867539397782795	0.3955041075655771
chrX	40000000	40100000	0.008240473544935298	0.4530079844364554
chrX	40100000	40200000	0.008224452499047198	0.2956186129813688
chrX	40200000	40300000	0.0077536256053683025	0.25890354736615695
chrX	40300000	40400000	0.007861609010824841	0.39943387886223763
chrX	40400000	40500000	0.007841189252157531	0.31632925753834035
chrX	40500000	40600000	0.008575439817233427	0.3164492940969422
chrX	40600000	40700000	0.0079720074070054	0.20483778549258166
chrX	40700000	40800000	0.008804780452257664	0.0839164489220086
chrX	40800000	40900000	0.008197914494177914	0.3086885406917692
chrX	40900000	41000000	0.008387311211601193	0.43351943129604475
chrX	41000000	41100000	0.008757320548713598	0.3459492679911806
chrX	41100000	41200000	0.010337270582317556	0.4950175278540619
chrX	41200000	41300000	0.008896483272253774	0.5426598422204323
chrX	41300000	41400000	0.008433176415348695	0.3898966709908381
chrX	41400000	41500000	0.008555839382516531	0.1505975226049832
chrX	41500000	41600000	0.008672826260608552	0.08675730130060132
chrX	41600000	41700000	0.007872619566201123	0.023308045730432478
chrX	41700000	41800000	0.008272128234099695	-0.0640948829843733
chrX	41800000	41900000	0.007323489768965481	-0.06183415180922109
chrX	41900000	42000000	0.008369625830930103	-0.28856896907413565
chrX	42000000	42100000	0.008257616812791324	-0.3463025585809689
chrX	42100000	42200000	0.007508763112458474	-0.2799871045086913
chrX	42200000	42300000	0.007565924114882901	-0.18465945109587587
chrX	42300000	42400000	0.00769383259038679	-0.22685061917908603
chrX	42400000	42500000	0.00895592735325989	-0.13636801138361665
chrX	42500000	42600000	0.007752248843173691	-0.13014644925674274
chrX	42600000	42700000	0.007335275892678227	-0.27758636505887163
chrX	42700000	42800000	0.008474052628129463	-0.21969694663479325
chrX	42800000	42900000	0.00831908263264425	-0.16037586746203955
chrX	42900000	43000000	0.009419471942780129	-0.2065874626519356
chrX	43000000	43100000	0.008444902157949448	-0.32443226893367433
chrX	43100000	43200000	0.008714873080232619	-0.30907619529027025
chrX	43200000	43300000	0.007137200995406524	-0.20404406356742963
chrX	43300000	43400000	0.0077977425652387385	-0.20175968089276794
chrX	43400000	43500000	0.00788694848825335	-0.16119938952653373
chrX	43500000	43600000	0.009687211986835625	0.028925330888104315
chrX	43600000	43700000	0.008026727286877686	0.022078634536902036
chrX	43700000	43800000	0.007882027797734647	-0.049186913826744436
chrX	43800000	43900000	0.008022146248224015	-0.06834474752097999
chrX	43900000	44000000	0.007099789388934737	-0.013896081057561484
chrX	44000000	44100000	0.007961631134428939	-0.017085911521330238
chrX	44100000	44200000	0.007935544697889001	0.0013345650215173836
chrX	44200000	44300000	0.00788176876509479	0.09713098695044096
chrX	44300000	44400000	0.00810389273718678	0.022587325318282392
chrX	44400000	44500000	0.008117842046447318	0.17376718182698814
chrX	44500000	44600000	0.00784658523387903	0.23201926826004332
chrX	44600000	44700000	0.007921752930872036	0.17555645669715877
chrX	44700000	44800000	0.008784639930763385	0.19822444931371028
chrX	44800000	44900000	0.008547745440039344	0.3072050308608607
chrX	44900000	45000000	0.008501462240425786	0.14690289453542735
chrX	45000000	45100000	0.008401060693532162	0.29956869594322594
chrX	45100000	45200000	0.007968232438079658	0.24430134155011327
chrX	45200000	45300000	0.008169169034221197	0.15392407221453389
chrX	45300000	45400000	0.009230164148765495	0.2342922256949834
chrX	45400000	45500000	0.007703596337097845	0.1110320889286684
chrX	45500000	45600000	0.010442574836269222	0.10684963712144278
chrX	45600000	45700000	0.008311645702418246	0.1338962183094699
chrX	45700000	45800000	0.008650071681134403	0.02491316690373775
chrX	45800000	45900000	0.008034373046270563	0.07534524418543184
chrX	45900000	46000000	0.007913591708305521	0.0744310602413902
chrX	46000000	46100000	0.009080326781921867	0.03720695577225852
chrX	46100000	46200000	0.00792352734532912	-0.04262131150971614
chrX	46200000	46300000	0.007947731937686144	-0.06721390684011716
chrX	46300000	46400000	0.009021990979775638	0.03306091007267327
chrX	46400000	46500000	0.007805666767577886	0.15397645101104862
chrX	46500000	46600000	0.008838710845888074	0.2746716776048816
chrX	46600000	46700000	0.00861968984062491	0.1938759896698173
chrX	46700000	46800000	0.00856968403802139	0.1640823813932098
chrX	46800000	46900000	0.008320070571289029	0.19648939974117408
chrX	46900000	47000000	0.008403408041198691	0.26562355423106226
chrX	47000000	47100000	0.008330998638964682	0.20905733305998087
chrX	47100000	47200000	0.00791492529733132	0.44626649120681006
chrX	47200000	47300000	0.009985219119588171	0.5885873928196221
chrX	47300000	47400000	0.009679999926019556	0.47841706431166764
chrX	47400000	47500000	0.008354185982930511	0.4674392730697088
chrX	47500000	47600000	0.00816775828076796	0.4304181079777071
chrX	47600000	47700000	0.00961847904781178	0.4358695792672246
chrX	47700000	47800000	0.008420122079188451	0.30049154295649144
chrX	47800000	47900000	0.009225898052145019	0.21745556220490517
chrX	47900000	48000000	0.008683609105106963	0.18623024721602566
chrX	48000000	48100000	0.008826450789971739	0.4110437018940045
chrX	48100000	48200000		
chrX	48200000	48300000	0.00964212517550946	0.2590215989143918
chrX	48300000	48400000	0.009331937253856667	0.22548859151712522
chrX	48400000	48500000	0.010188897587154718	0.2782750943249412
chrX	48500000	48600000	0.009660742711470166	0.6236495734912124
chrX	48600000	48700000	0.009426858111249405	0.7184372080778839
chrX	48700000	48800000	0.008768294420314281	0.6969417794740763
chrX	48800000	48900000	0.008957098004871761	0.6656323295409255
chrX	48900000	49000000	0.00987876812736564	0.702219267062255
chrX	49000000	49100000	0.010184381747578693	0.7764605280678089
chrX	49100000	49200000	0.01001404638476308	0.79271173239495
chrX	49200000	49300000	0.010022866792243616	0.8307792609572784
chrX	49300000	49400000	0.009383020419549188	0.8447637933717961
chrX	49400000	49500000		
chrX	49500000	49600000	0.008963400891602084	0.6710733235362567
chrX	49600000	49700000	0.008624972013689454	0.6625430102427906
chrX	49700000	49800000	0.007832689248150147	0.6401271806998515
chrX	49800000	49900000	0.01026156617802937	0.4527660971350823
chrX	49900000	50000000	0.008783768852519204	0.46148157276401186
chrX	50000000	50100000	0.00992270888311224	0.4286584212574652
chrX	50100000	50200000	0.008997188410155456	0.5370537238081639
chrX	50200000	50300000	0.009264001263343747	0.3763559780626269
chrX	50300000	50400000	0.009146558162888483	0.4704435455116435
chrX	50400000	50500000	0.009391117760144332	0.5889521021475016
chrX	50500000	50600000	0.008552595359623995	0.6757865828785484
chrX	50600000	50700000	0.00926432236252562	0.5467349486609551
chrX	50700000	50800000	0.0082250832128675	0.5229967683047633
chrX	50800000	50900000	0.00932530671636976	0.5275480674140766
chrX	50900000	51000000	0.008723993905859302	0.544659314256382
chrX	51000000	51100000	0.010161675161776844	0.5101514264276895
chrX	51100000	51200000	0.009884373342418498	0.5480679085279018
chrX	51200000	51300000	0.011231401142332275	0.7303151202001383
chrX	51300000	51400000	0.011393211907532159	0.7778334936167662
chrX	51400000	51500000	0.010393555234699826	0.6920215795487578
chrX	51500000	51600000		
chrX	51600000	51700000		
chrX	51700000	51800000	0.009874126653540734	0.6858616663459662
chrX	51800000	51900000	0.011892403758198016	0.7452894728491651
chrX	51900000	52000000		
chrX	52000000	52100000		
chrX	52100000	52200000		
chrX	52200000	52300000	0.010150233962777476	0.8583380837122349
chrX	52300000	52400000	0.010922795276531316	0.7652649745516207
chrX	52400000	52500000		
chrX	52500000	52600000		
chrX	52600000	52700000		
chrX	52700000	52800000		
chrX	52800000	52900000	0.012519541157433256	1.0687876611443434
chrX	52900000	53000000	0.010044118513176553	1.0574656284414332
chrX	53000000	53100000	0.009314143908879897	0.8929556447566829
chrX	53100000	53200000	0.00983492492913595	0.9501467530208602
chrX	53200000	53300000	0.009575821585662477	0.7611729584298791
chrX	53300000	53400000	0.00939175481653395	0.6942900111749131
chrX	53400000	53500000	0.00906656312355732	0.6272456003490079
chrX	53500000	53600000	0.008797214493356229	0.5393890837404388
chrX	53600000	53700000	0.009310819214608997	0.44329599315477813
chrX	53700000	53800000	0.0093271550176133	0.566236116688923
chrX	53800000	53900000	0.008849730727614108	0.6284028450564936
chrX	53900000	54000000	0.008848272749437204	0.5295278541456241
chrX	54000000	54100000	0.009098074912054523	0.4880905228270566
chrX	54100000	54200000	0.00925553639475675	0.5825904056144359
chrX	54200000	54300000	0.009393660675817454	0.6968839227177908
chrX	54300000	54400000	0.010051660502726488	0.6642865708781897
chrX	54400000	54500000	0.00932147274378884	0.7553801721641966
chrX	54500000	54600000	0.010329149299736459	0.7891053078929835
chrX	54600000	54700000	0.012001208746451955	0.7991085381295828
chrX	54700000	54800000	0.010386262205146194	0.797503418036383
chrX	54800000	54900000	0.010666747034965585	0.7574927916786119
chrX	54900000	55000000		
chrX	55000000	55100000	0.01209076410645855	0.701793837143561
chrX	55100000	55200000	0.01064651018605886	0.7881802567985623
chrX	55200000	55300000	0.01098894304938667	0.7796920896131508
chrX	55300000	55400000	0.01148248938283327	0.7442298358779509
chrX	55400000	55500000		
chrX	55500000	55600000		
chrX	55600000	55700000		
chrX	55700000	55800000	0.012500138515204075	0.7323452204141373
chrX	55800000	55900000	0.01012162143903687	0.7300682594936007
chrX	55900000	56000000	0.01337183991100728	0.74409034753295
chrX	56000000	56100000		
chrX	56100000	56200000		
chrX	56200000	56300000	0.011061332950020736	0.8713493004291389
chrX	56300000	56400000	0.009863389136883154	0.8411089278022795
chrX	56400000	56500000	0.010607443942788607	0.8164765409783566
chrX	56500000	56600000	0.011157680255165451	0.9170659981562774
chrX	56600000	56700000	0.011169975219378778	1.0199985373679952
chrX	56700000	56800000		
chrX	56800000	56900000		
chrX	56900000	57000000		
chrX	57000000	57100000	0.01353366746847151	0.6876931281949339
chrX	57100000	57200000		
chrX	57200000	57300000	0.014481226373232663	0.6997777841599633
chrX	57300000	57400000		
chrX	57400000	57500000		
chrX	57500000	57600000		
chrX	57600000	57700000	0.01576085739755232	1.114168973934731
chrX	57700000	57800000		
chrX	57800000	57900000		
chrX	57900000	58000000		
chrX	58000000	58100000		
chrX	58100000	58200000		
chrX	58200000	58300000		
chrX	58300000	58400000		
chrX	58400000	58500000		
chrX	58500000	58600000		
chrX	58600000	58700000		
chrX	58700000	58800000		
chrX	58800000	58900000		
chrX	58900000	59000000		
chrX	59000000	59100000		
chrX	59100000	59200000		
chrX	59200000	59300000		
chrX	59300000	59400000		
chrX	59400000	59500000		
chrX	59500000	59600000		
chrX	59600000	59700000		
chrX	59700000	59800000		
chrX	59800000	59900000		
chrX	59900000	60000000		
chrX	60000000	60100000		
chrX	60100000	60200000		
chrX	60200000	60300000		
chrX	60300000	60400000		
chrX	60400000	60500000		
chrX	60500000	60600000		
chrX	60600000	60700000		
chrX	60700000	60800000		
chrX	60800000	60900000		
chrX	60900000	61000000		
chrX	61000000	61100000		
chrX	61100000	61200000		
chrX	61200000	61300000		
chrX	61300000	61400000		
chrX	61400000	61500000		
chrX	61500000	61600000		
chrX	61600000	61700000		
chrX	61700000	61800000		
chrX	61800000	61900000		
chrX	61900000	62000000		
chrX	62000000	62100000		
chrX	62100000	62200000		
chrX	62200000	62300000		
chrX	62300000	62400000		
chrX	62400000	62500000		
chrX	62500000	62600000		
chrX	62600000	62700000		
chrX	62700000	62800000		
chrX	62800000	62900000		
chrX	62900000	63000000		
chrX	63000000	63100000		
chrX	63100000	63200000		
chrX	63200000	63300000		
chrX	63300000	63400000		
chrX	63400000	63500000		
chrX	63500000	63600000		
chrX	63600000	63700000		
chrX	63700000	63800000		
chrX	63800000	63900000		
chrX	63900000	64000000		
chrX	64000000	64100000		
chrX	64100000	64200000		
chrX	64200000	64300000		
chrX	64300000	64400000		
chrX	64400000	64500000		
chrX	64500000	64600000		
chrX	64600000	64700000		
chrX	64700000	64800000		
chrX	64800000	64900000		
chrX	64900000	65000000		
chrX	65000000	65100000		
chrX	65100000	65200000		
chrX	65200000	65300000		
chrX	65300000	65400000		
chrX	65400000	65500000		
chrX	65500000	65600000		
chrX	65600000	65700000		
chrX	65700000	65800000		
chrX	65800000	65900000		
chrX	65900000	66000000		
chrX	66000000	66100000		
chrX	66100000	66200000		
chrX	66200000	66300000		
chrX	66300000	66400000		
chrX	66400000	66500000		
chrX	66500000	66600000		
chrX	66600000	66700000		
chrX	66700000	66800000		
chrX	66800000	66900000		
chrX	66900000	67000000		
chrX	67000000	67100000		
chrX	67100000	67200000		
chrX	67200000	67300000		
chrX	67300000	67400000		
chrX	67400000	67500000		
chrX	67500000	67600000		
chrX	67600000	67700000		
chrX	67700000	67800000		
chrX	67800000	67900000		
chrX	67900000	68000000		
chrX	68000000	68100000		
chrX	68100000	68200000		
chrX	68200000	68300000		
chrX	68300000	68400000		
chrX	68400000	68500000		
chrX	68500000	68600000		
chrX	68600000	68700000		
chrX	68700000	68800000		
chrX	68800000	68900000		
chrX	68900000	69000000		
chrX	69000000	69100000		
chrX	69100000	69200000		
chrX	69200000	69300000		
chrX	69300000	69400000		
chrX	69400000	69500000		
chrX	69500000	69600000	0.012377910592801356	-0.6189193614148539
chrX	69600000	69700000	0.011838659483756939	-0.4813939265695013
chrX	69700000	69800000		
chrX	69800000	69900000	0.012125577428345479	-0.542558328878203
chrX	69900000	70000000	0.013421093212406116	-0.5590369755273695
chrX	70000000	70100000	0.009172561180077742	-0.24933098949261193
chrX	70100000	70200000	0.009757705179855277	-0.1307151940744315
chrX	70200000	70300000	0.012755670794011473	-0.5336047436243179
chrX	70300000	70400000	0.012612861215318195	-0.548683099540307
chrX	70400000	70500000		
chrX	70500000	70600000	0.012620352546723406	-0.2996315111115333
chrX	70600000	70700000	0.01017179061661096	-0.040511790670232924
chrX	70700000	70800000	0.010508863953531065	-0.15469818852436376
chrX	70800000	70900000		
chrX	70900000	71000000		
chrX	71000000	71100000		
chrX	71100000	71200000	0.009404731219850459	-0.3276323997589026
chrX	71200000	71300000	0.013047229265274535	-0.550445805243024
chrX	71300000	71400000		
chrX	71400000	71500000		
chrX	71500000	71600000	0.010820389421169613	-0.5095378675403175
chrX	71600000	71700000	0.008407005131365735	-0.04620508477961765
chrX	71700000	71800000	0.00815458192542579	0.12748643561196893
chrX	71800000	71900000	0.00811440456619951	0.14040857246847255
chrX	71900000	72000000	0.010446583588693518	-0.1223343800631442
chrX	72000000	72100000	0.009318788968460591	-0.2277625265156029
chrX	72100000	72200000	0.010176454988781638	-0.3489544883794377
chrX	72200000	72300000	0.010119578696418318	-0.3348736506451126
chrX	72300000	72400000	0.009239889147222962	-0.5100982880590573
chrX	72400000	72500000	0.011868879530310666	-0.580754595983266
chrX	72500000	72600000	0.008890680860854394	-0.45542805628480615
chrX	72600000	72700000	0.009792263234701924	-0.4312400940421188
chrX	72700000	72800000	0.010518488530129733	-0.5490687563588631
chrX	72800000	72900000		
chrX	72900000	73000000	0.010866394396826932	-0.5779484050386356
chrX	73000000	73100000	0.010791234934012484	-0.5391673188073683
chrX	73100000	73200000	0.010904841651532531	-0.5100759462869553
chrX	73200000	73300000	0.011442723112862712	-0.6493568358271912
chrX	73300000	73400000	0.010042491868143507	-0.5176187481885333
chrX	73400000	73500000	0.010963425912743194	-0.5408167074500022
chrX	73500000	73600000	0.010742301553143502	-0.5543424014694214
chrX	73600000	73700000	0.010999148618306196	-0.6286151159303374
chrX	73700000	73800000	0.008902445330299094	-0.5337557181076834
chrX	73800000	73900000	0.010307809832919828	-0.5312589603926073
chrX	73900000	74000000	0.008964222187240804	-0.4761616976380805
chrX	74000000	74100000	0.00863692569341964	-0.15859802566532202
chrX	74100000	74200000	0.008106707288341617	-0.02723043685042591
chrX	74200000	74300000	0.009648697690463013	-0.25430118789907136
chrX	74300000	74400000	0.009247632802777355	-0.51717146985183
chrX	74400000	74500000	0.010113721978916362	-0.6921203268716155
chrX	74500000	74600000	0.010149051375424042	-0.48811103671162
chrX	74600000	74700000	0.008250740624339748	-0.03414012905745022
chrX	74700000	74800000	0.008167712420471762	0.13731649887395891
chrX	74800000	74900000	0.007758007723533879	0.194495058771387
chrX	74900000	75000000	0.00831281278248475	0.21343995928322745
chrX	75000000	75100000	0.007830770647950958	0.181085487211505
chrX	75100000	75200000	0.0090278756112733	0.14919715397177463
chrX	75200000	75300000	0.009600657214282727	0.2939513828411202
chrX	75300000	75400000	0.008920822742529743	0.4596066917081418
chrX	75400000	75500000	0.009618044492894877	0.40954053860473355
chrX	75500000	75600000	0.00950121841712947	0.4662444080632986
chrX	75600000	75700000	0.009221966144124611	0.46992654135181705
chrX	75700000	75800000	0.008612552228802275	0.3210064952449041
chrX	75800000	75900000	0.008170679513053144	0.3056265238214811
chrX	75900000	76000000	0.007586723573549962	0.26464340612618137
chrX	76000000	76100000	0.009436658242163243	0.19763070970411337
chrX	76100000	76200000	0.008497285126621519	0.1920100508399073
chrX	76200000	76300000	0.009524227501108177	-0.09081781766339374
chrX	76300000	76400000	0.00937226380668527	-0.10793809971664882
chrX	76400000	76500000	0.008832509113053267	-0.11479600099419926
chrX	76500000	76600000	0.009013720070282697	-0.03268985967503171
chrX	76600000	76700000	0.00924245056900879	0.11584123229702832
chrX	76700000	76800000	0.007890309718909442	0.38255817417004623
chrX	76800000	76900000	0.008439730311354187	0.546965236036705
chrX	76900000	77000000	0.008633561561587432	0.5363190160088417
chrX	77000000	77100000	0.008374080962360161	0.49134939771024294
chrX	77100000	77200000	0.00800173062299673	0.4525163259344495
chrX	77200000	77300000	0.009468804065261793	0.2885627460511644
chrX	77300000	77400000	0.008123697443979956	0.45430118817004295
chrX	77400000	77500000	0.008212307732246148	0.5798542225356694
chrX	77500000	77600000	0.009115195749038582	0.6754422010406793
chrX	77600000	77700000	0.009229066865721036	0.7206132354933373
chrX	77700000	77800000	0.009795508361243507	0.7449596662452299
chrX	77800000	77900000	0.009761018609585814	0.7962031326981472
chrX	77900000	78000000	0.00919994130605771	0.6168529343541984
chrX	78000000	78100000	0.00941911083137709	0.6878077888917135
chrX	78100000	78200000		
chrX	78200000	78300000		
chrX	78300000	78400000	0.009608360840975922	0.2860829632319823
chrX	78400000	78500000	0.009792914642236352	0.41140924226360814
chrX	78500000	78600000	0.008880398712041743	0.4139104256486973
chrX	78600000	78700000	0.009606924309541867	0.43462823511961335
chrX	78700000	78800000	0.008082133362924054	0.39905770885154046
chrX	78800000	78900000	0.008553087553853816	0.22653335333430255
chrX	78900000	79000000	0.009704706535230458	-0.18254019166094876
chrX	79000000	79100000	0.009601062790138865	-0.2838795984777468
chrX	79100000	79200000	0.009063272225473332	-0.05820246618238922
chrX	79200000	79300000	0.00949585322596468	-0.006338957865099305
chrX	79300000	79400000		
chrX	79400000	79500000		
chrX	79500000	79600000	0.011119512877417656	-0.7120270217618823
chrX	79600000	79700000		
chrX	79700000	79800000		
chrX	79800000	79900000		
chrX	79900000	80000000	0.010925245310457818	-0.8754950843874357
chrX	80000000	80100000		
chrX	80100000	80200000	0.010361975899042144	-0.48478656031331874
chrX	80200000	80300000	0.009173574837624569	-0.43270121260583194
chrX	80300000	80400000	0.009833831424450159	-0.6306076357107543
chrX	80400000	80500000	0.009247903345801233	-0.3377705219504063
chrX	80500000	80600000	0.008634488721142062	-0.09226646519097209
chrX	80600000	80700000	0.010009447742015079	-0.6210386708527145
chrX	80700000	80800000	0.008766178803592336	-0.23966366041560805
chrX	80800000	80900000	0.008307055445303647	0.17250853195732332
chrX	80900000	81000000	0.008389543425392136	0.09677288978751769
chrX	81000000	81100000	0.008551153372988105	0.11894313726460334
chrX	81100000	81200000	0.008544746074291466	-0.1220113464977738
chrX	81200000	81300000	0.011933223540601336	-0.43958313954810985
chrX	81300000	81400000	0.008840393181694663	-0.26182960776378694
chrX	81400000	81500000	0.00858871648352974	-0.4316498574515369
chrX	81500000	81600000	0.008799673354409041	-0.1953673904174348
chrX	81600000	81700000	0.00851634352861375	-0.00984423255765019
chrX	81700000	81800000	0.009044739466396504	-0.24920508975305744
chrX	81800000	81900000	0.009732053497258473	-0.3814402008036403
chrX	81900000	82000000	0.008184374697784175	-0.3565707796490237
chrX	82000000	82100000	0.0088881814842809	-0.25248715508003555
chrX	82100000	82200000	0.01041254611356522	-0.42125376974151196
chrX	82200000	82300000	0.00936814824124572	-0.6374775044165519
chrX	82300000	82400000		
chrX	82400000	82500000	0.01012164704726244	-0.5369761922310413
chrX	82500000	82600000	0.010152635824988002	-0.45371820203682356
chrX	82600000	82700000		
chrX	82700000	82800000	0.011681436427989692	-0.8398239010224874
chrX	82800000	82900000		
chrX	82900000	83000000		
chrX	83000000	83100000		
chrX	83100000	83200000	0.011663907376691044	-0.7361973665962328
chrX	83200000	83300000		
chrX	83300000	83400000		
chrX	83400000	83500000	0.012636651664133587	-0.8092448505802194
chrX	83500000	83600000	0.013307062876853683	-0.7238874423798392
chrX	83600000	83700000	0.008325710828854329	-0.3742848214168212
chrX	83700000	83800000	0.00894810129319514	0.2102075334304722
chrX	83800000	83900000	0.008089824433862821	0.24846168513199982
chrX	83900000	84000000	0.008164798838515612	0.2583622807575804
chrX	84000000	84100000	0.008709250438147617	0.2786707960375838
chrX	84100000	84200000	0.008386944537862307	0.19708576165670405
chrX	84200000	84300000	0.008505577694918064	0.12249946672030165
chrX	84300000	84400000	0.008051024190270423	-0.12193606622413468
chrX	84400000	84500000		
chrX	84500000	84600000		
chrX	84600000	84700000	0.011821592734574726	-0.820708682494427
chrX	84700000	84800000		
chrX	84800000	84900000	0.011687299146037838	-0.7775821168626174
chrX	84900000	85000000	0.01318227767651733	-0.6899936427648066
chrX	85000000	85100000		
chrX	85100000	85200000	0.010302189004844666	-0.5784911451498032
chrX	85200000	85300000	0.011593980572082063	-0.5986241531973588
chrX	85300000	85400000		
chrX	85400000	85500000		
chrX	85500000	85600000	0.008712236104553912	-0.4746278462090143
chrX	85600000	85700000	0.011709719167910413	-0.4749581293181414
chrX	85700000	85800000	0.009783964405241364	-0.4276605406100024
chrX	85800000	85900000	0.010405760548805182	-0.4567402571029313
chrX	85900000	86000000	0.010376648378908159	-0.5355318061342744
chrX	86000000	86100000	0.01028803192592824	-0.6194321367852028
chrX	86100000	86200000		
chrX	86200000	86300000	0.011581204219063614	-0.6456945912641121
chrX	86300000	86400000	0.010763439902695139	-0.5543416906651032
chrX	86400000	86500000	0.01009383404262332	-0.4468855017626349
chrX	86500000	86600000	0.009088191835294742	-0.33872364928667675
chrX	86600000	86700000	0.00877860813288	-0.13499612639939101
chrX	86700000	86800000	0.008439990790644317	-0.24465033849322634
chrX	86800000	86900000		
chrX	86900000	87000000	0.008312826891116181	-0.2557411770959554
chrX	87000000	87100000	0.007576574953753415	0.05681658188186747
chrX	87100000	87200000	0.008210348794426434	-0.103903713256845
chrX	87200000	87300000	0.008819466771764557	-0.3711148240886172
chrX	87300000	87400000	0.00870013033385716	-0.37151275935869926
chrX	87400000	87500000	0.009112433751485688	-0.39168009174055146
chrX	87500000	87600000	0.007645955953163482	-0.29818882598398827
chrX	87600000	87700000	0.008295374531952336	-0.2589498582930143
chrX	87700000	87800000	0.007844377023137599	-0.2744183372569124
chrX	87800000	87900000	0.008954999646738165	-0.4833951675723397
chrX	87900000	88000000	0.010401148641643852	-0.5808892752668442
chrX	88000000	88100000	0.011498106415633801	-0.6954455884255152
chrX	88100000	88200000	0.010114502649979878	-0.47851558864177235
chrX	88200000	88300000	0.009438472886617519	-0.3571881567624395
chrX	88300000	88400000	0.007856224158338048	-0.40914058695905703
chrX	88400000	88500000	0.011055343180298254	-0.6105022952578377
chrX	88500000	88600000	0.010310102453106913	-0.6423652088591335
chrX	88600000	88700000	0.01037876154628011	-0.5417145542020354
chrX	88700000	88800000	0.010873998050456994	-0.6228791617958104
chrX	88800000	88900000	0.008659723088669961	-0.4608854722502097
chrX	88900000	89000000	0.009989346560090104	-0.5019158141343006
chrX	89000000	89100000	0.00794773947476815	-0.5154155296036237
chrX	89100000	89200000	0.008133865492085814	-0.4626706325586414
chrX	89200000	89300000	0.009309391193938988	-0.5602044406927061
chrX	89300000	89400000	0.008183436112534373	-0.4381920661556986
chrX	89400000	89500000	0.008561262516345336	-0.47393989946884035
chrX	89500000	89600000	0.008769462605095302	-0.5105454298262839
chrX	89600000	89700000	0.009235785462572704	-0.4267555860497366
chrX	89700000	89800000	0.009070177216488895	-0.5030251604269685
chrX	89800000	89900000	0.008179828075784129	-0.3731269980303216
chrX	89900000	90000000	0.008481388782221468	-0.41519025333242066
chrX	90000000	90100000	0.009977757272986037	-0.6812687409118804
chrX	90100000	90200000	0.009618512045006914	-0.5503243920161959
chrX	90200000	90300000	0.009006022805118771	-0.6142993808076195
chrX	90300000	90400000	0.008637184746643276	-0.6069273801422813
chrX	90400000	90500000	0.010588737281590418	-0.5295567026860405
chrX	90500000	90600000	0.007561154726200237	-0.10720355642676602
chrX	90600000	90700000	0.008071887308140574	-0.11327243309586907
chrX	90700000	90800000	0.007718099571805706	-0.21848516128415454
chrX	90800000	90900000	0.007487556241103039	-0.3201050064990146
chrX	90900000	91000000	0.008448681745832038	-0.5724825529721309
chrX	91000000	91100000	0.010117169283939452	-0.5155840861282401
chrX	91100000	91200000	0.007798924330157928	-0.5121495488696164
chrX	91200000	91300000	0.00783958345179303	-0.3787182784483961
chrX	91300000	91400000	0.008676798949301337	-0.1956557035509321
chrX	91400000	91500000	0.007440821584513675	-0.11444062268487025
chrX	91500000	91600000	0.0084186728286824	-0.39339037450210673
chrX	91600000	91700000	0.007581589293615114	-0.19114040015111355
chrX	91700000	91800000	0.0078577795489461	-0.16908906091309003
chrX	91800000	91900000	0.0077416328717570945	-0.34189984027768144
chrX	91900000	92000000	0.009586514862587934	-0.634347546374215
chrX	92000000	92100000	0.009410815831341025	-0.73800722172756
chrX	92100000	92200000	0.008521319170796977	-0.7155218271843722
chrX	92200000	92300000	0.007457739912314298	-0.47308385679751813
chrX	92300000	92400000	0.007679559807442044	-0.03990027082090018
chrX	92400000	92500000	0.008593871908027777	-0.04183926632761469
chrX	92500000	92600000	0.00723614740388131	-0.2709755063652574
chrX	92600000	92700000	0.00799983127035921	-0.45045754430365564
chrX	92700000	92800000	0.009942847527870282	-0.6803314551085449
chrX	92800000	92900000	0.00851545251036597	-0.6322393734673575
chrX	92900000	93000000	0.007310083409321841	-0.47015019041864275
chrX	93000000	93100000	0.007750507397042904	-0.5434904077318864
chrX	93100000	93200000	0.008226169552239662	-0.41810024347344943
chrX	93200000	93300000	0.007925958814491891	-0.4325108638820764
chrX	93300000	93400000	0.007801010465994163	-0.5239954891953659
chrX	93400000	93500000	0.008002262695430527	-0.5513968761874959
chrX	93500000	93600000	0.009788067317292324	-0.6068339704628932
chrX	93600000	93700000	0.010910920483012244	-0.6337357240505535
chrX	93700000	93800000	0.008305127529892927	-0.4353835706221069
chrX	93800000	93900000	0.007336722626828143	-0.2050184024851429
chrX	93900000	94000000	0.007233605352362132	-0.056681038138489966
chrX	94000000	94100000	0.008378311794147997	-0.25605215717350477
chrX	94100000	94200000	0.008328563380672546	-0.6358542147725885
chrX	94200000	94300000	0.008010484370987706	-0.5814408568479235
chrX	94300000	94400000	0.007902101245704486	-0.3493655173487934
chrX	94400000	94500000	0.008437856738474341	-0.3544544440875459
chrX	94500000	94600000	0.007552627100179725	-0.2924468005673145
chrX	94600000	94700000	0.007713415266685307	-0.2015272311239334
chrX	94700000	94800000	0.007463728240203772	-0.391924152861346
chrX	94800000	94900000	0.00839255956429313	-0.5417250859170366
chrX	94900000	95000000	0.00783443967768912	-0.3705590921419091
chrX	95000000	95100000	0.00794239374091319	-0.2581457338805666
chrX	95100000	95200000	0.009278817626997017	-0.3799840611553372
chrX	95200000	95300000	0.008436592166786178	-0.23110603566326487
chrX	95300000	95400000	0.00794456281999527	-0.36484218906774857
chrX	95400000	95500000	0.007138561447350165	-0.20783536814626874
chrX	95500000	95600000	0.007923250478639295	-0.17521846515832715
chrX	95600000	95700000	0.007682850707727276	-0.09640736674555721
chrX	95700000	95800000	0.007747544610534917	-0.0344425779486311
chrX	95800000	95900000	0.007673090448616144	-0.17269161453757323
chrX	95900000	96000000	0.00783129094617663	-0.4032416960261081
chrX	96000000	96100000	0.0073166212533445985	-0.24858675429118374
chrX	96100000	96200000	0.007289373737007326	-0.2623958823194405
chrX	96200000	96300000	0.007915235479370892	-0.2067874390879029
chrX	96300000	96400000	0.007306637809479106	-0.08426190857392059
chrX	96400000	96500000	0.008126773107774434	0.0028650478174306764
chrX	96500000	96600000	0.007563784957044841	-0.042233701811255235
chrX	96600000	96700000	0.00795404228710419	-0.16601319101171938
chrX	96700000	96800000	0.007385836385336573	-0.3518590233848332
chrX	96800000	96900000	0.00868899169450666	-0.26188642022123854
chrX	96900000	97000000	0.008493509664315842	-0.2516688034809797
chrX	97000000	97100000	0.007905912435502345	-0.3207229330176211
chrX	97100000	97200000	0.007786498364413539	-0.3546974342934863
chrX	97200000	97300000	0.007706297685198165	-0.39234187662305364
chrX	97300000	97400000	0.007265332667650235	-0.33353079534704366
chrX	97400000	97500000	0.007190208632101294	-0.1247110367607535
chrX	97500000	97600000	0.007652704732569787	-0.07486259510058436
chrX	97600000	97700000	0.008149228746413833	-0.2277273770543416
chrX	97700000	97800000	0.008383386841397496	-0.38539195556694816
chrX	97800000	97900000	0.008965430198623111	-0.5282070999207736
chrX	97900000	98000000	0.007757254297276663	-0.32443864113172777
chrX	98000000	98100000	0.007405388548781118	-0.219290018368169
chrX	98100000	98200000	0.007217277073842666	-0.05528956630149662
chrX	98200000	98300000	0.006945660314609813	-0.00849636615101762
chrX	98300000	98400000	0.007261383742495184	0.030328901336149395
chrX	98400000	98500000	0.007285548149423408	0.06761082031607327
chrX	98500000	98600000	0.0074415538682979275	0.05338487432424129
chrX	98600000	98700000	0.0069436597426978325	0.038354346363722515
chrX	98700000	98800000	0.007886238051259868	-0.02592266327843255
chrX	98800000	98900000	0.007663418004054833	-0.1709951937024885
chrX	98900000	99000000	0.00848233602564504	-0.393785527023921
chrX	99000000	99100000	0.0075173501143624005	-0.31487239864510763
chrX	99100000	99200000	0.008229925487881748	-0.6104917704227686
chrX	99200000	99300000	0.008269686968265858	-0.6717892155415478
chrX	99300000	99400000	0.008179901000474662	-0.629998559309642
chrX	99400000	99500000	0.00758811427477525	-0.4714042558910223
chrX	99500000	99600000	0.00822541102734024	-0.5350482693352975
chrX	99600000	99700000	0.008299076971285036	-0.5518831136359432
chrX	99700000	99800000	0.007757915211521689	-0.3883092452760004
chrX	99800000	99900000	0.008054198038173654	-0.3559972394114577
chrX	99900000	100000000	0.0070389256914750896	-0.11820694920965263
chrX	100000000	100100000	0.008225054178830493	-0.1612683763410701
chrX	100100000	100200000	0.007761902060091721	-0.14971334949929346
chrX	100200000	100300000	0.008642615421889327	-0.16200952142992925
chrX	100300000	100400000	0.008295144002254414	-0.22907800813248477
chrX	100400000	100500000	0.008035115290400885	-0.3376006546278945
chrX	100500000	100600000	0.00859635472401237	-0.38154438740608115
chrX	100600000	100700000	0.007824267906520913	-0.38775127040143564
chrX	100700000	100800000	0.008458450910416025	-0.7394244403928313
chrX	100800000	100900000	0.011771120547575904	-1.1117590332950018
chrX	100900000	101000000	0.00942590852544591	-0.819891410583962
chrX	101000000	101100000	0.009430521491424784	-0.8504499980459757
chrX	101100000	101200000	0.012196669712685312	-1.0338191478669991
chrX	101200000	101300000		
chrX	101300000	101400000		
chrX	101400000	101500000		
chrX	101500000	101600000		
chrX	101600000	101700000		
chrX	101700000	101800000		
chrX	101800000	101900000		
chrX	101900000	102000000	0.00926461067652263	-1.0476927026189142
chrX	102000000	102100000	0.009134887503678015	-0.9412119083348555
chrX	102100000	102200000	0.008835824208665322	-0.6147044470266417
chrX	102200000	102300000	0.007809095672852436	-0.49389055884941374
chrX	102300000	102400000	0.00962496464758439	-0.7874355160425179
chrX	102400000	102500000	0.007727641765987504	-0.5318233932930624
chrX	102500000	102600000	0.007889515063866702	-0.4833518338139737
chrX	102600000	102700000	0.0074657377269596245	-0.42753251256301533
chrX	102700000	102800000	0.008276316022657791	-0.39347717638393226
chrX	102800000	102900000	0.00802266416191341	-0.42757456185028003
chrX	102900000	103000000	0.009550406492226608	-0.6267742736644919
chrX	103000000	103100000	0.00809602374076357	-0.37962137164191917
chrX	103100000	103200000	0.008533045543399448	-0.2504202530275778
chrX	103200000	103300000	0.008681007357213173	-0.34044644564538634
chrX	103300000	103400000	0.007667331185649713	0.01999746031952073
chrX	103400000	103500000	0.007414721500423317	0.09588141567505014
chrX	103500000	103600000	0.007994766024947562	0.16413883514894134
chrX	103600000	103700000	0.00736345078756097	0.25515067442601186
chrX	103700000	103800000	0.008351764923166968	0.3147506732058766
chrX	103800000	103900000	0.007755740449439557	0.29396396566196253
chrX	103900000	104000000	0.007471513513667139	0.34564117711993936
chrX	104000000	104100000	0.0076691540254051485	0.3217843039506274
chrX	104100000	104200000	0.0075386498631350015	0.32531628087037434
chrX	104200000	104300000	0.007794767977258505	0.3142521774259436
chrX	104300000	104400000	0.0074190457487735345	0.32922063845437405
chrX	104400000	104500000	0.007759706359936804	0.3112998197978682
chrX	104500000	104600000	0.007225649817514014	0.2699377648969966
chrX	104600000	104700000	0.007441410530489618	0.16998448595521543
chrX	104700000	104800000	0.008003807855911859	0.08124015245397564
chrX	104800000	104900000	0.008155340320639014	-0.13426164388793807
chrX	104900000	105000000	0.008738536591256193	-0.11868145496590567
chrX	105000000	105100000	0.00702290951155175	-0.20848219780152508
chrX	105100000	105200000	0.008291413731498394	-0.22839480927540765
chrX	105200000	105300000	0.007265302410685162	-0.02623198738055996
chrX	105300000	105400000	0.007199749379490382	-0.04664130646932807
chrX	105400000	105500000	0.007584696499550025	-0.2576590797379626
chrX	105500000	105600000	0.007080663779521806	-0.34115742068656785
chrX	105600000	105700000	0.008677952804896895	-0.30609848418278157
chrX	105700000	105800000	0.007779669772254163	-0.2696366054906932
chrX	105800000	105900000	0.007751525482731795	-0.31367701924428126
chrX	105900000	106000000	0.007482052671634164	-0.2881278139659372
chrX	106000000	106100000	0.0074359345533500645	-0.40305631568626216
chrX	106100000	106200000	0.008387265940689358	-0.5112000022984867
chrX	106200000	106300000	0.008237994473499237	-0.5827346480156848
chrX	106300000	106400000	0.008138684622502666	-0.6247996613416695
chrX	106400000	106500000	0.008497567920555057	-0.707101968987075
chrX	106500000	106600000	0.008596091118990493	-0.47968681146482345
chrX	106600000	106700000	0.007367835988144455	-0.44511333925381585
chrX	106700000	106800000	0.007489514962708151	-0.17615244469983518
chrX	106800000	106900000	0.008108323319351154	-0.060659336462766264
chrX	106900000	107000000	0.007368950223156794	-0.04078823582008711
chrX	107000000	107100000	0.008182384648749541	-0.011166706587970828
chrX	107100000	107200000	0.0074826291861122465	0.16505332572067383
chrX	107200000	107300000	0.007616027557469884	0.023383529930975734
chrX	107300000	107400000	0.007416928471766163	-0.013336783494181291
chrX	107400000	107500000	0.008197567789474298	-0.14364755654871256
chrX	107500000	107600000	0.00833818049554533	0.09749511425892163
chrX	107600000	107700000	0.008771111676263512	-0.09166898048716131
chrX	107700000	107800000	0.007372112927037785	0.2036611167645997
chrX	107800000	107900000	0.008353018622745734	0.3855394172475789
chrX	107900000	108000000	0.008778736957847198	0.3997503215815556
chrX	108000000	108100000	0.009123308232474411	0.35053863811972746
chrX	108100000	108200000	0.007828729137769193	0.39581240245483335
chrX	108200000	108300000	0.007949454895196289	0.25246397032709217
chrX	108300000	108400000	0.008327871614257036	0.1419685884958972
chrX	108400000	108500000	0.009999809305571115	-0.07161218631599113
chrX	108500000	108600000	0.009043225328940568	-0.09919284130140764
chrX	108600000	108700000	0.011069098633870445	-0.3539820545557415
chrX	108700000	108800000	0.009112065671257623	-0.2712114020460598
chrX	108800000	108900000	0.008704526431512927	-0.14503049320083072
chrX	108900000	109000000		
chrX	109000000	109100000		
chrX	109100000	109200000		
chrX	109200000	109300000	0.009135293234193194	-0.37507713582711344
chrX	109300000	109400000	0.008704996020606513	0.07732077831439518
chrX	109400000	109500000	0.008881261478721775	0.22727318373600772
chrX	109500000	109600000	0.008247780052000483	0.25068009615410086
chrX	109600000	109700000	0.008304418937947288	0.20733307622314615
chrX	109700000	109800000	0.009454038090237416	0.07064767242184927
chrX	109800000	109900000	0.008819290186788687	0.28142342222395944
chrX	109900000	110000000	0.00878463927585365	0.3741505232865625
chrX	110000000	110100000	0.008801750795878804	0.26066763246923036
chrX	110100000	110200000	0.008583330988596321	0.355758613367109
chrX	110200000	110300000	0.008597800102169876	0.37258801960061044
chrX	110300000	110400000	0.008099225512327437	0.2941115958403748
chrX	110400000	110500000	0.007245926219518253	0.14574844616504695
chrX	110500000	110600000	0.008908831944707504	-0.01011139159550433
chrX	110600000	110700000	0.011504567268072407	-0.23059445692106495
chrX	110700000	110800000	0.012686315123944013	-0.14254806232157133
chrX	110800000	110900000	0.008610640712847253	0.12231497014267434
chrX	110900000	111000000	0.0074519583623572135	0.15972570250947943
chrX	111000000	111100000	0.008013957744311162	0.11150134565771612
chrX	111100000	111200000	0.00945468953704981	-0.2193112250113219
chrX	111200000	111300000	0.00876413135105741	-0.19028944054805655
chrX	111300000	111400000	0.008252775555855206	-0.4501697148336636
chrX	111400000	111500000	0.010356747877634636	-0.518868808650215
chrX	111500000	111600000	0.00910233340375649	-0.676732580216964
chrX	111600000	111700000	0.008683424690453021	-0.43864674391079306
chrX	111700000	111800000	0.009512786054683546	-0.45249254415849227
chrX	111800000	111900000	0.008438678520505559	-0.47137951653327614
chrX	111900000	112000000	0.009244737512310156	-0.3732478933280621
chrX	112000000	112100000	0.007254900381377247	-0.36704033887614773
chrX	112100000	112200000	0.009302059193857085	-0.6352856846066574
chrX	112200000	112300000	0.008788736583029463	-0.723326220081042
chrX	112300000	112400000	0.009235527025663177	-0.7140878229278907
chrX	112400000	112500000	0.008659522320594427	-0.4858658217299074
chrX	112500000	112600000	0.008571539072334074	-0.4794246610073604
chrX	112600000	112700000	0.008656501168583568	-0.3499446231793514
chrX	112700000	112800000	0.007533872814916029	-0.38418354816130157
chrX	112800000	112900000	0.009087712572927535	-0.6521705494668867
chrX	112900000	113000000	0.009991947332188052	-0.4953148362155463
chrX	113000000	113100000	0.009806788589839714	-0.5007273776366064
chrX	113100000	113200000	0.009930432706991519	-0.5189764305742418
chrX	113200000	113300000	0.009046458869745125	-0.377463710227321
chrX	113300000	113400000	0.00781637842532833	-0.12652516610448505
chrX	113400000	113500000	0.008288659023513835	-0.23017557205619604
chrX	113500000	113600000	0.007093389810298636	-0.04853258220533492
chrX	113600000	113700000	0.008095291509440824	0.24250693658815983
chrX	113700000	113800000	0.007763988096298902	0.36106166550325586
chrX	113800000	113900000	0.007924193703840326	0.43085860109296115
chrX	113900000	114000000	0.008019484160558435	0.46374889155910337
chrX	114000000	114100000	0.007806786933498501	0.506250679827655
chrX	114100000	114200000	0.007987270746497023	0.43675215744396156
chrX	114200000	114300000	0.008268335409711957	0.4482774207419463
chrX	114300000	114400000	0.008071694287717318	0.499957275603343
chrX	114400000	114500000	0.007946313217850984	0.5295269803030198
chrX	114500000	114600000	0.008007351469215622	0.35090931950289495
chrX	114600000	114700000	0.007704460793546801	0.29124966709912914
chrX	114700000	114800000	0.007664414482592195	0.16524100893288549
chrX	114800000	114900000	0.007290663604747911	0.17616971685689808
chrX	114900000	115000000	0.008593404679489143	0.06215001629522502
chrX	115000000	115100000	0.00696336002999077	-0.03355879684858425
chrX	115100000	115200000	0.008275482745032042	-0.32799982838224523
chrX	115200000	115300000	0.007916823786538867	-0.2596980968017212
chrX	115300000	115400000	0.007841165469120817	-0.09342145704047629
chrX	115400000	115500000	0.00748290513271684	-0.20697193806111217
chrX	115500000	115600000	0.0071722647257217815	-0.5237162702590881
chrX	115600000	115700000	0.007813773486782428	-0.9193926082890567
chrX	115700000	115800000	0.011751839192151246	-1.318603155194606
chrX	115800000	115900000	0.008038608405301012	-1.1740034935554169
chrX	115900000	116000000	0.009995184055937722	-1.1126571690751534
chrX	116000000	116100000	0.010191796777958324	-1.1157782616353615
chrX	116100000	116200000	0.009737224423081654	-0.9092047485966747
chrX	116200000	116300000	0.007399433698907588	-0.2663765089722734
chrX	116300000	116400000	0.007522728741118651	-0.06499276173760456
chrX	116400000	116500000	0.008047391779698609	0.251878030320711
chrX	116500000	116600000	0.008665313772239272	0.23446217197365427
chrX	116600000	116700000	0.008213564814908562	0.1765574411087534
chrX	116700000	116800000	0.007808870748438526	0.1560034203219645
chrX	116800000	116900000	0.007690402412522696	0.38933768446537687
chrX	116900000	117000000	0.008398117095880814	0.37451098915624575
chrX	117000000	117100000	0.008779218764606382	0.33291999684303875
chrX	117100000	117200000	0.0071662462734880025	0.37802673781241186
chrX	117200000	117300000	0.008281182325988781	0.2777430911197732
chrX	117300000	117400000	0.007875027801556217	0.10192876110617188
chrX	117400000	117500000	0.0076846774940486735	0.2693190388633681
chrX	117500000	117600000	0.007866482197070078	0.2688829196921504
chrX	117600000	117700000	0.007934259309266745	0.1316655922667521
chrX	117700000	117800000	0.008000136245357503	0.20873864842696377
chrX	117800000	117900000	0.007195564172736203	0.19600265313026752
chrX	117900000	118000000	0.008313046617221962	0.2783128542619643
chrX	118000000	118100000	0.008182067020556419	0.22661676597181402
chrX	118100000	118200000	0.008065052991464502	0.1621088261007856
chrX	118200000	118300000	0.008237441071913053	0.05923654124395229
chrX	118300000	118400000	0.007557693081100521	0.2514157201557555
chrX	118400000	118500000	0.007708206546533776	0.40087138357874236
chrX	118500000	118600000	0.008064620257047945	0.21212002845680455
chrX	118600000	118700000	0.008113437728022019	0.186790362262018
chrX	118700000	118800000	0.007789995494061888	0.1555606117375021
chrX	118800000	118900000	0.007617983571275083	0.07806540823133515
chrX	118900000	119000000	0.0075180680708615095	0.0463545866411741
chrX	119000000	119100000	0.007367722361508084	-0.11402488845667946
chrX	119100000	119200000	0.00894076763964287	-0.23397861031826137
chrX	119200000	119300000	0.008307328794474168	-0.36022862594982524
chrX	119300000	119400000	0.008628477892860016	-0.13655376375560405
chrX	119400000	119500000	0.007502436424660973	0.07717897355381699
chrX	119500000	119600000	0.0074843931180192825	0.28829254112223013
chrX	119600000	119700000	0.00743206841749238	0.16552119238976706
chrX	119700000	119800000	0.008041268339389817	-0.05334021254249878
chrX	119800000	119900000	0.008490443954406004	-0.16215331440240557
chrX	119900000	120000000	0.008553444449399336	-0.10353067534463042
chrX	120000000	120100000	0.007428783082427669	-0.030478333641157318
chrX	120100000	120200000	0.00806293073959112	-0.1472709376286458
chrX	120200000	120300000	0.007700410962983498	-0.014043734588738473
chrX	120300000	120400000	0.008227620860593164	-0.03200081565131473
chrX	120400000	120500000	0.008000961925563975	0.032715376619861854
chrX	120500000	120600000	0.00745103040615677	-0.027896125258007873
chrX	120600000	120700000	0.008384544553824277	0.17572966369096665
chrX	120700000	120800000	0.008122039507050692	0.21211445701309917
chrX	120800000	120900000	0.007580133647767009	0.1493949481155017
chrX	120900000	121000000	0.007532095109981455	0.12391472823253855
chrX	121000000	121100000	0.007236054858363175	0.17077837883822836
chrX	121100000	121200000	0.007528014255543573	0.14472713420436786
chrX	121200000	121300000	0.007098114706810399	0.166862574645959
chrX	121300000	121400000	0.007509782183833495	0.1446152790977528
chrX	121400000	121500000	0.008971487439907616	0.11180834934533221
chrX	121500000	121600000	0.007616249590793972	0.03476022710686501
chrX	121600000	121700000	0.007509401218801913	0.1489345930746215
chrX	121700000	121800000	0.007662568580563067	0.19651899279062696
chrX	121800000	121900000	0.007996074434642255	0.21428886925492552
chrX	121900000	122000000	0.007377486822169352	0.14278280995170572
chrX	122000000	122100000	0.0075033492873252975	0.22935279937067743
chrX	122100000	122200000	0.007833828421259948	0.18883371516613473
chrX	122200000	122300000	0.012045855339738372	-0.2710425165428188
chrX	122300000	122400000		
chrX	122400000	122500000		
chrX	122500000	122600000	0.010272530477344156	-1.0985855018324049
chrX	122600000	122700000	0.01191205729880442	-1.1466876582870296
chrX	122700000	122800000	0.010499403500310513	-1.1207036133971615
chrX	122800000	122900000	0.009599911881147675	-0.9523242962246959
chrX	122900000	123000000	0.0075933153137834695	-0.7017221790017575
chrX	123000000	123100000	0.00848349845546408	-0.7646840506370666
chrX	123100000	123200000	0.008965652213195327	-0.8634838922707614
chrX	123200000	123300000	0.008042081979155298	-0.5407398858359616
chrX	123300000	123400000	0.0077688580117909415	-0.6842467444762016
chrX	123400000	123500000	0.00923034035359411	-0.805686014399346
chrX	123500000	123600000	0.007679652372607942	-0.5591801398858208
chrX	123600000	123700000	0.007837535829006778	-0.28295136818523686
chrX	123700000	123800000	0.008322123859899265	-0.4067071648654389
chrX	123800000	123900000	0.008044613294829927	-0.472457801827503
chrX	123900000	124000000	0.008581451870089796	-0.7948048754641269
chrX	124000000	124100000	0.009599863794864003	-0.6677847718057461
chrX	124100000	124200000	0.008738895686842277	-0.5774183467003866
chrX	124200000	124300000	0.008858339597618125	-0.4474372398810811
chrX	124300000	124400000	0.00717365188345477	-0.13984495179838705
chrX	124400000	124500000	0.008013473079869183	0.0938506451844752
chrX	124500000	124600000	0.007643171474447509	0.033218107107119026
chrX	124600000	124700000	0.00806923849908898	-0.05444943414360673
chrX	124700000	124800000	0.008045412151660264	-0.06462535739900588
chrX	124800000	124900000	0.0077996456071651775	0.2917024377732425
chrX	124900000	125000000	0.008038557816027114	0.4872139270100025
chrX	125000000	125100000	0.0081357352700752	0.5984306341458154
chrX	125100000	125200000	0.008257103587663177	0.5677508413314732
chrX	125200000	125300000	0.007434270710044737	0.6955854275583628
chrX	125300000	125400000	0.007733884021113134	0.6524672197240816
chrX	125400000	125500000	0.00828870440531084	0.5772387650058893
chrX	125500000	125600000	0.007879566479686637	0.6202609933540215
chrX	125600000	125700000	0.009081310148867802	0.6327010995394562
chrX	125700000	125800000	0.007730479680941659	0.6368912623978796
chrX	125800000	125900000	0.008351039250728802	0.6862691061249581
chrX	125900000	126000000	0.008348761810644341	0.7857239995902482
chrX	126000000	126100000	0.008926740752330442	0.739505310498354
chrX	126100000	126200000	0.00895977216846008	0.7392623899049439
chrX	126200000	126300000	0.008704502029398169	0.6749943508344683
chrX	126300000	126400000	0.008531641769064008	0.6948259485691018
chrX	126400000	126500000	0.008598226475618025	0.5822221866140193
chrX	126500000	126600000	0.009520463678945391	0.5918170148007652
chrX	126600000	126700000	0.00880906614643382	0.596879928526602
chrX	126700000	126800000	0.007698021042519896	0.5231686209195134
chrX	126800000	126900000	0.007993751090778465	0.4967603278642142
chrX	126900000	127000000	0.007266269000819877	0.45650449497287415
chrX	127000000	127100000	0.007224635974846271	0.3110615469287562
chrX	127100000	127200000	0.0076485506348919095	0.11790123514519399
chrX	127200000	127300000	0.008656395599962481	0.04634750461930081
chrX	127300000	127400000	0.007795028407989829	-0.17646041696650994
chrX	127400000	127500000	0.008173953294942771	-0.21723189449740996
chrX	127500000	127600000	0.008563341630581797	-0.2004349075219902
chrX	127600000	127700000	0.00896416744679053	-0.22677152422253916
chrX	127700000	127800000	0.008902224585760433	-0.5397251349972819
chrX	127800000	127900000	0.009793762605765957	-0.5988602012018753
chrX	127900000	128000000	0.008738904365367015	-0.6095806352456762
chrX	128000000	128100000	0.00823099805661994	-0.5975600453762252
chrX	128100000	128200000	0.008335088549445686	-0.4845468754282048
chrX	128200000	128300000	0.009204427573741757	-0.5362419086348691
chrX	128300000	128400000	0.008423983421637395	-0.6480373313993011
chrX	128400000	128500000	0.009207009837673688	-0.42618509163446183
chrX	128500000	128600000	0.007494847649258919	-0.3653456435411539
chrX	128600000	128700000	0.009875951944094139	-0.5479927640640602
chrX	128700000	128800000	0.0075472559687571545	-0.44877773674888316
chrX	128800000	128900000	0.009856240230109621	-0.6596831287853813
chrX	128900000	129000000	0.009209453926764387	-0.8414956675843129
chrX	129000000	129100000	0.008397568363089442	-0.5302324978594677
chrX	129100000	129200000	0.007295498735751744	-0.2923779034080263
chrX	129200000	129300000	0.008529151086027321	-0.35240843973367114
chrX	129300000	129400000	0.007795083334300068	-0.29717723227571774
chrX	129400000	129500000	0.008875961835431047	-0.20519657510305955
chrX	129500000	129600000	0.007121296681563763	-0.05712838182635608
chrX	129600000	129700000	0.007655826609537577	0.01858163989603505
chrX	129700000	129800000	0.008491168068292948	-0.22376711760067516
chrX	129800000	129900000	0.007168014325499478	-0.21052279166427101
chrX	129900000	130000000	0.008352549461071572	-0.06370321852879854
chrX	130000000	130100000	0.008627205567472535	0.24834396495034167
chrX	130100000	130200000	0.007463515624519542	0.33600498298323656
chrX	130200000	130300000	0.008140350477180999	0.3589774562442173
chrX	130300000	130400000	0.008167066414796196	0.5165292428994256
chrX	130400000	130500000	0.008054080429178398	0.48338277094631477
chrX	130500000	130600000	0.00848155505337204	0.3372646672685344
chrX	130600000	130700000	0.00816661512879083	0.1490693858218004
chrX	130700000	130800000	0.008742577203974249	0.08202429217961023
chrX	130800000	130900000	0.0074339163744647245	0.11639086443944521
chrX	130900000	131000000	0.006602785836705969	0.1936058012143769
chrX	131000000	131100000	0.00716602313069542	0.2093663176005349
chrX	131100000	131200000	0.007394283421876085	0.21752468616638895
chrX	131200000	131300000	0.009190997265886312	0.06635210813158934
chrX	131300000	131400000	0.008463733741386006	0.08531495000789387
chrX	131400000	131500000	0.008282780853532316	0.0852086020182026
chrX	131500000	131600000	0.008304717674855992	0.010399962079759389
chrX	131600000	131700000	0.007587997399867391	0.04130906513537923
chrX	131700000	131800000	0.007974177986940148	-0.10758631145201555
chrX	131800000	131900000	0.008508868230390635	-0.32926365132769364
chrX	131900000	132000000	0.00772706424998875	-0.441571911629281
chrX	132000000	132100000	0.008993349483670953	-0.5778917732493376
chrX	132100000	132200000	0.007930491127343713	-0.21224010473450836
chrX	132200000	132300000	0.008779049575791573	-0.04205580686695931
chrX	132300000	132400000	0.008532021091679463	-0.11556075426552484
chrX	132400000	132500000	0.007563081401313698	-0.19196361818251048
chrX	132500000	132600000	0.006563440041673905	-0.20908323025206427
chrX	132600000	132700000	0.008622552063807284	-0.31503891519328076
chrX	132700000	132800000	0.008822675402335195	-0.3958197109495965
chrX	132800000	132900000	0.007412044755065135	-0.2637326069455677
chrX	132900000	133000000	0.009055463707496462	-0.21856082887258077
chrX	133000000	133100000	0.008440701587174412	-0.22137681571880172
chrX	133100000	133200000	0.007005116416499603	-0.25795600649428485
chrX	133200000	133300000	0.00963677716984721	-0.4514274297223396
chrX	133300000	133400000	0.007249051392478381	-0.45193700629300537
chrX	133400000	133500000	0.00767299555586043	-0.2993674725443841
chrX	133500000	133600000	0.007869659512858547	-0.2785849188078255
chrX	133600000	133700000	0.00762593459194997	-0.327768309394411
chrX	133700000	133800000	0.007746787667072843	-0.5388967327566339
chrX	133800000	133900000	0.008613473609063355	-0.5873775233952901
chrX	133900000	134000000	0.009279558641110863	-0.3090980944400456
chrX	134000000	134100000	0.007624395113738085	-0.30161106395931675
chrX	134100000	134200000	0.00862336906099911	-0.5119136259680249
chrX	134200000	134300000	0.007834145712568318	-0.378479215165789
chrX	134300000	134400000	0.00723072651636034	-0.3526977301378834
chrX	134400000	134500000	0.008582353586255474	-0.4340771239705358
chrX	134500000	134600000	0.010012645388569922	-0.6846947116807192
chrX	134600000	134700000	0.007663042932740348	-0.6379669627851567
chrX	134700000	134800000	0.008809734176076856	-0.6655741934364071
chrX	134800000	134900000	0.007775182657445963	-0.40369888160295186
chrX	134900000	135000000	0.00894794034836024	-0.6114069903048271
chrX	135000000	135100000	0.007796620523702417	-0.4873407609804468
chrX	135100000	135200000	0.007450703283841114	-0.2279846831989986
chrX	135200000	135300000	0.007874651216383644	-0.19302752024360614
chrX	135300000	135400000	0.00803624900307985	-0.13745530117666688
chrX	135400000	135500000	0.00820926302461274	-0.3726175338983865
chrX	135500000	135600000	0.007803973499207889	-0.43689724851896167
chrX	135600000	135700000	0.008680690153867562	-0.3729913083308058
chrX	135700000	135800000	0.009659854819759187	-0.3884868773709962
chrX	135800000	135900000	0.007164395542376312	-0.10221974934674496
chrX	135900000	136000000	0.007346023437067108	0.28070489498999257
chrX	136000000	136100000	0.0073148531207846285	0.4863934942634214
chrX	136100000	136200000	0.009078216041905524	0.4638296200568816
chrX	136200000	136300000	0.008781881084151864	0.4828734603004265
chrX	136300000	136400000	0.008762094195274208	0.5380796295086918
chrX	136400000	136500000	0.009062218659182173	0.6287850937596592
chrX	136500000	136600000	0.008612034323311766	0.672153124278206
chrX	136600000	136700000	0.0075356219349119935	0.49866744392858386
chrX	136700000	136800000	0.008538001360698183	0.3332368830123547
chrX	136800000	136900000	0.008613839729087858	0.1924740064149688
chrX	136900000	137000000	0.009381290790623945	-0.20269317996701192
chrX	137000000	137100000	0.008727757373648578	0.0055007414614473785
chrX	137100000	137200000	0.008081861816587618	0.262537608583777
chrX	137200000	137300000	0.007612567267454694	0.18320957643710273
chrX	137300000	137400000	0.007774282190677939	0.19444385698015915
chrX	137400000	137500000	0.007411559755540471	0.013658029212606379
chrX	137500000	137600000	0.008208648502345912	-0.18543034839424524
chrX	137600000	137700000	0.007250417628625642	-0.24939958092236017
chrX	137700000	137800000	0.007900392280601944	-0.24870550502191685
chrX	137800000	137900000	0.0084943362419328	-0.6150259668249954
chrX	137900000	138000000	0.009663133526006378	-0.8822856755207086
chrX	138000000	138100000	0.008509014311564377	-0.8284759911113513
chrX	138100000	138200000	0.007932615533835716	-0.1330576848548731
chrX	138200000	138300000	0.010305131825326287	0.37502796609591926
chrX	138300000	138400000	0.007111361545800864	0.3075656899501891
chrX	138400000	138500000	0.00809160150564604	0.29512542502657646
chrX	138500000	138600000	0.007122382292980677	0.3765818360168516
chrX	138600000	138700000	0.007087010685870147	0.3005659993772319
chrX	138700000	138800000	0.008194678565833977	0.21468864404752883
chrX	138800000	138900000	0.007906435544654774	0.26920011716133824
chrX	138900000	139000000	0.008176899081964534	0.4079121794092029
chrX	139000000	139100000	0.007624384821192115	0.35627934321089383
chrX	139100000	139200000	0.007379941051018052	0.3717507087210951
chrX	139200000	139300000	0.008314283424068605	0.4306131777677937
chrX	139300000	139400000	0.008108590014296802	0.49897513337906957
chrX	139400000	139500000	0.007865013486625166	0.4027123680454461
chrX	139500000	139600000	0.007864166802147929	0.398694162802474
chrX	139600000	139700000	0.007184137387087456	0.42630371196784683
chrX	139700000	139800000	0.007333292536067132	0.4939444158584381
chrX	139800000	139900000	0.007617709315780651	0.5159212641957245
chrX	139900000	140000000	0.008110507652658394	0.5362720366864859
chrX	140000000	140100000	0.008104459247279192	0.4496963417179816
chrX	140100000	140200000	0.00839185045508033	0.5416025492834031
chrX	140200000	140300000	0.007518101206379281	0.555927862722229
chrX	140300000	140400000	0.00760226402198873	0.48135645657746484
chrX	140400000	140500000	0.00782205249359455	0.5302738398001389
chrX	140500000	140600000	0.007961322904207912	0.5725486289884504
chrX	140600000	140700000	0.007868379251475693	0.5198160283029687
chrX	140700000	140800000	0.007868269161216463	0.45998860042423434
chrX	140800000	140900000	0.007739292758561098	0.6168830714896858
chrX	140900000	141000000	0.008115133613962587	0.6669109522312728
chrX	141000000	141100000	0.008054637437671994	0.7394443681299186
chrX	141100000	141200000	0.008237051821814776	0.6398509758780573
chrX	141200000	141300000	0.007756274640780888	0.6848650482759264
chrX	141300000	141400000	0.007963608452775968	0.7115478133411991
chrX	141400000	141500000	0.00807506387297608	0.6882436393300259
chrX	141500000	141600000	0.008109931411680529	0.6763035655767541
chrX	141600000	141700000	0.00822113202054259	0.6057060095479988
chrX	141700000	141800000	0.009905249493511362	0.6387556723662132
chrX	141800000	141900000	0.007659370313770295	0.5775985479897965
chrX	141900000	142000000	0.007587041371213481	0.6043237130037454
chrX	142000000	142100000	0.007864463463452886	0.6448405879042138
chrX	142100000	142200000	0.00794063522798181	0.6620811927370785
chrX	142200000	142300000	0.009844544548238169	0.6694709736838179
chrX	142300000	142400000	0.008344672093814095	0.7274961221911912
chrX	142400000	142500000	0.008425354866784737	0.6659828273375613
chrX	142500000	142600000	0.008724164237179272	0.6803898146166153
chrX	142600000	142700000	0.007967481573738293	0.5824558427463016
chrX	142700000	142800000	0.00810602434556078	0.4799841530335895
chrX	142800000	142900000	0.008364818328365808	0.49680670781207786
chrX	142900000	143000000	0.008815322089249135	0.5053296155929649
chrX	143000000	143100000	0.007817565471915644	0.5452371854141694
chrX	143100000	143200000	0.0075054867519281174	0.5808745969284546
chrX	143200000	143300000	0.009027269970133868	0.5946470991767197
chrX	143300000	143400000	0.008639867609741064	0.45962518570340816
chrX	143400000	143500000	0.007582439635067347	0.41891181571608715
chrX	143500000	143600000	0.008423706172176488	0.24644519517016417
chrX	143600000	143700000	0.008383893791779664	0.3182072271663752
chrX	143700000	143800000	0.0074003568907205506	0.2905336880131783
chrX	143800000	143900000	0.008321363761318385	0.33434536108097246
chrX	143900000	144000000	0.007722368884696057	0.362541270330967
chrX	144000000	144100000	0.007298473711249704	0.29981589100521006
chrX	144100000	144200000	0.007897405004604629	0.27414930895655903
chrX	144200000	144300000	0.008462772989719767	0.18307373965385762
chrX	144300000	144400000	0.008242596591122624	0.01885867328489869
chrX	144400000	144500000	0.007019745031464616	0.09961383871552333
chrX	144500000	144600000	0.0069949914533326074	0.2782648644884277
chrX	144600000	144700000	0.00809643758339155	0.11845145167241025
chrX	144700000	144800000	0.007412684479259575	0.1555774185325762
chrX	144800000	144900000	0.008403347282517145	0.1432339615353333
chrX	144900000	145000000	0.01033348442080052	0.027784077638511172
chrX	145000000	145100000	0.007741512980549577	0.13077689172143608
chrX	145100000	145200000	0.00742162129950468	0.2301275472544118
chrX	145200000	145300000	0.00766769714469281	0.2119213241162287
chrX	145300000	145400000	0.007822998062377483	0.2218332339041893
chrX	145400000	145500000	0.007200082652343656	0.16770836337231693
chrX	145500000	145600000	0.008502663867094444	0.23721861541684502
chrX	145600000	145700000	0.008167351628628399	0.17599475044046597
chrX	145700000	145800000	0.008171530484036004	-0.013828671717059964
chrX	145800000	145900000	0.007413088464083248	0.1458557759712364
chrX	145900000	146000000	0.007210345069012061	0.16778755104049586
chrX	146000000	146100000	0.008401077160925748	0.3222294144698783
chrX	146100000	146200000	0.007593757497279143	0.424222631188057
chrX	146200000	146300000	0.007765681670646675	0.4254149114858642
chrX	146300000	146400000	0.00826167701980108	0.4769804259422969
chrX	146400000	146500000	0.009067771333531899	0.32988784076939215
chrX	146500000	146600000	0.007936842243985096	0.291584344342785
chrX	146600000	146700000	0.009187254329081873	0.2574179926833563
chrX	146700000	146800000	0.008090844643127685	0.17522644208969146
chrX	146800000	146900000	0.00808416429619219	0.25441080497083896
chrX	146900000	147000000	0.007340925823806821	0.32820881252597084
chrX	147000000	147100000	0.007116803882535372	0.32856214511225085
chrX	147100000	147200000	0.008349262172710235	0.45397061581993825
chrX	147200000	147300000	0.007229495617190706	0.2565456879827597
chrX	147300000	147400000	0.007405664651407613	0.29442217692787337
chrX	147400000	147500000	0.007588056102802277	0.322341411686026
chrX	147500000	147600000	0.008355937771985634	0.25759552112053286
chrX	147600000	147700000	0.007885685708595958	0.362281510723733
chrX	147700000	147800000	0.008104176786141401	0.3906044065636644
chrX	147800000	147900000	0.008611782246745869	0.40345967520438003
chrX	147900000	148000000	0.007985859037667829	0.3275395835257991
chrX	148000000	148100000	0.008518604287588402	0.320388444428388
chrX	148100000	148200000	0.011624798774408647	0.25306019912169325
chrX	148200000	148300000	0.007890306852868382	0.2503561638047362
chrX	148300000	148400000	0.007311932872815624	0.2561497950109917
chrX	148400000	148500000	0.012059629327143224	0.25243131084091336
chrX	148500000	148600000	0.007591721163614988	0.2802289200582984
chrX	148600000	148700000	0.007363097997651776	0.2025918465910685
chrX	148700000	148800000	0.007820985840461522	0.23029511631055183
chrX	148800000	148900000	0.0073912635513707714	0.12238821392466341
chrX	148900000	149000000	0.007205705580186503	0.16239044908884884
chrX	149000000	149100000	0.007874826060359972	0.11100599771384234
chrX	149100000	149200000	0.007672946978856297	0.2270529505796372
chrX	149200000	149300000	0.007849399124077061	0.16463478224148576
chrX	149300000	149400000	0.007501013074536569	0.06923840682199854
chrX	149400000	149500000	0.007655328431669172	0.09591770963616546
chrX	149500000	149600000	0.007965162983827758	0.022702209572054575
chrX	149600000	149700000	0.006901882443055018	0.08775897967027474
chrX	149700000	149800000	0.008102155586170999	0.10704401231827569
chrX	149800000	149900000	0.008723212158389426	0.11122905868063516
chrX	149900000	150000000	0.007867387859582138	0.014802776254080096
chrX	150000000	150100000	0.008448819460203172	-0.011616525031970762
chrX	150100000	150200000	0.0074813253564100695	-0.17780717095123846
chrX	150200000	150300000	0.008065895545536036	-0.18799968406233727
chrX	150300000	150400000	0.008207198130415871	-0.29561564683325225
chrX	150400000	150500000	0.008821817849719742	-0.16369390690419894
chrX	150500000	150600000	0.008708754229051326	-0.15047370741160748
chrX	150600000	150700000	0.008278002790314718	-0.08447449217061642
chrX	150700000	150800000	0.00690486438550349	-0.023397589281506835
chrX	150800000	150900000	0.0077519980783428205	-0.06622648224817465
chrX	150900000	151000000	0.008158586975085893	-0.1966959240838985
chrX	151000000	151100000	0.008930244153756196	-0.1952902277415566
chrX	151100000	151200000	0.00816063713087718	-0.2520407130810369
chrX	151200000	151300000	0.008161247425121502	0.017856100182759772
chrX	151300000	151400000	0.007692745111754903	0.10499241531676412
chrX	151400000	151500000	0.009657174518403587	0.22091048028880955
chrX	151500000	151600000	0.008209816509510682	0.14520388803762274
chrX	151600000	151700000	0.0069421932686368195	0.2058965780196909
chrX	151700000	151800000	0.007924734502486538	0.12790177010629036
chrX	151800000	151900000	0.0078373258348924	0.058350268053769874
chrX	151900000	152000000	0.00832146660088953	0.034376609985555695
chrX	152000000	152100000	0.006978564984448936	0.05003492728523909
chrX	152100000	152200000	0.007372210230493427	-0.0013840834648564052
chrX	152200000	152300000	0.007406756872520766	-0.08733451942155827
chrX	152300000	152400000	0.007464510370415008	-0.020764700903946887
chrX	152400000	152500000	0.007980608965454945	0.003906985456328361
chrX	152500000	152600000	0.008753048979423375	-0.20279952464419557
chrX	152600000	152700000	0.007689956400408244	-0.09628639665944926
chrX	152700000	152800000	0.008149791996283563	-0.17560752331174248
chrX	152800000	152900000	0.007676520760716189	0.017529126314258653
chrX	152900000	153000000	0.007355838130993172	0.02152031026430135
chrX	153000000	153100000	0.00766226006260511	0.05378920029461289
chrX	153100000	153200000	0.008366797659564218	-0.0682390630531617
chrX	153200000	153300000	0.007680354685839146	-0.13005339023274445
chrX	153300000	153400000	0.007809853293393216	-0.022176431112341483
chrX	153400000	153500000	0.007939773996737877	-0.1299362340539455
chrX	153500000	153600000	0.008634910235021633	0.0026828535899843325
chrX	153600000	153700000	0.007999326151405733	-0.1306773591570615
chrX	153700000	153800000	0.007368047639290178	-0.008393728814507758
chrX	153800000	153900000	0.00716860940083625	0.08426153570847694
chrX	153900000	154000000	0.009575802852030586	-0.037218724515157085
chrX	154000000	154100000	0.008511590926916305	0.008691738922817615
chrX	154100000	154200000	0.007369408958398038	0.23777409991812068
chrX	154200000	154300000	0.00797034872941492	0.18770173738543613
chrX	154300000	154400000	0.009036963956599219	-0.062095512431462455
chrX	154400000	154500000	0.007731988736970813	-0.07686572879231231
chrX	154500000	154600000	0.0085424102164528	-0.18046348508705454
chrX	154600000	154700000	0.008883281854373398	0.03707180157234079
chrX	154700000	154800000	0.008173220674899439	0.18287580326411246
chrX	154800000	154900000	0.00758484862289799	0.22502038011147746
chrX	154900000	155000000	0.008454923171943666	0.16409220053397314
chrX	155000000	155100000	0.008510542349225865	0.2047806731385438
chrX	155100000	155200000	0.008183609644858168	0.24562765918738125
chrX	155200000	155300000	0.008301632087818906	0.23656536968645145
chrX	155300000	155400000	0.009058045602898808	0.14582873816982417
chrX	155400000	155500000	0.008275528225532751	0.14422420709152212
chrX	155500000	155600000	0.007954978519189011	0.15678010107512685
chrX	155600000	155700000	0.008448478866269794	0.053247697921333555
chrX	155700000	155800000	0.008173103189361961	0.36583447564447014
chrX	155800000	155900000		
chrX	155900000	156000000	0.010493440905981779	0.5047653376192084
chrX	156000000	156100000		
chrX	156100000	156200000	0.008990759099479514	0.5596019952993161
chrX	156200000	156300000	0.009655219890541317	0.6241561488685924
chrX	156300000	156400000	0.009426313292098957	0.5545441673203914
chrX	156400000	156500000	0.009839636676697692	0.5837856467437331
chrX	156500000	156600000	0.008833724815562771	0.5979810580091388
chrX	156600000	156700000	0.008434649439075131	0.6047462218189464
chrX	156700000	156800000	0.008400082699209385	0.6267224655321858
chrX	156800000	156900000	0.00840991869239357	0.6324653020179944
chrX	156900000	157000000	0.008560470422823305	0.5583091218907099
chrX	157000000	157100000	0.008249282669140379	0.5988966063351924
chrX	157100000	157200000	0.00856205747506138	0.5180722522356896
chrX	157200000	157300000	0.008869810191105743	0.5373463194080736
chrX	157300000	157400000	0.008603907720405646	0.3545311310633695
chrX	157400000	157500000	0.010271775850586893	0.030667620528674083
chrX	157500000	157600000	0.008422408375353014	0.20451905158844563
chrX	157600000	157700000	0.008926850727916404	0.12483654197611777
chrX	157700000	157800000	0.00937304197796056	0.02737179929361845
chrX	157800000	157900000	0.008302725237655774	0.2015082517922285
chrX	157900000	158000000	0.008862062263750168	0.26802499807738134
chrX	158000000	158100000	0.009636836630970855	-0.0618567190142669
chrX	158100000	158200000	0.010017090060788825	0.06845594662885512
chrX	158200000	158300000	0.009185649221351037	0.037846693821970284
chrX	158300000	158400000	0.008321953121400832	0.008666669136901669
chrX	158400000	158500000	0.009168432691822404	-0.04424793880817121
chrX	158500000	158600000	0.009479382881547094	-0.1002211933406929
chrX	158600000	158700000	0.008551914691858105	-0.0697850980202615
chrX	158700000	158800000	0.010321546011593408	-0.20346947716397046
chrX	158800000	158900000	0.009512288044020245	-0.2076957063450076
chrX	158900000	159000000		
chrX	159000000	159100000		
chrX	159100000	159200000	0.010114649875372325	0.5308134611696683
chrX	159200000	159300000	0.010125358369760433	0.6817457570733648
chrX	159300000	159400000		
chrX	159400000	159500000	0.010060410686390731	0.3521693807067566
chrX	159500000	159600000		
chrX	159600000	159700000	0.010976575736084565	0.6513672413488318
chrX	159700000	159800000		
chrX	159800000	159900000		
chrX	159900000	160000000	0.011153451510644695	0.6801735860055184
chrX	160000000	160100000	0.013140371686313233	0.8609667976141088
chrX	160100000	160200000	0.012520664018434212	0.8456473699770694
chrX	160200000	160300000	0.012463810270399315	0.8789744327282335
chrX	160300000	160400000	0.010971147854634652	0.7004097363054493
chrX	160400000	160500000		
chrX	160500000	160600000		
chrX	160600000	160700000	0.012802770795502552	0.7497111219134266
chrX	160700000	160800000		
chrX	160800000	160900000		
chrX	160900000	161000000		
chrX	161000000	161100000	0.0097047517932112	-0.01935471719422332
chrX	161100000	161200000		
chrX	161200000	161300000	0.008961035398531565	-0.4593621967419431
chrX	161300000	161400000	0.009858599237512134	-0.3141122339012919
chrX	161400000	161500000	0.011254161712067778	-0.7472917439107297
chrX	161500000	161600000	0.009370358463975985	-0.7839558515448681
chrX	161600000	161700000		
chrX	161700000	161800000		
chrX	161800000	161900000	0.012607868524380566	-1.3651575181732576
chrX	161900000	162000000	0.012996709094482821	-1.8812873148226328
chrX	162000000	162100000	0.01362039758593406	-1.6292019780260982
chrX	162100000	162200000	0.01083456152444527	-1.2918997895741724
chrX	162200000	162287573		
